Index,Incoming Calls,Answered Calls,Answer Rate,Abandoned Calls,Answer Speed (AVG),Talk Duration (AVG),Waiting Time (AVG),Service Level (20 Seconds),Weighted_Service_Level
1,217,204,94.01%,13,0:00:17,134.0,165.0,0.7628,165.5276
2,200,182,91.00%,18,0:00:20,142.0,415.0,0.7273000000000001,145.46
3,216,198,91.67%,18,0:00:18,158.0,230.0,0.743,160.488
4,155,145,93.55%,10,0:00:15,149.0,192.0,0.7961,123.3955
5,37,37,100.00%,0,0:00:03,126.0,35.0,0.973,36.001
6,315,304,96.51%,11,0:00:18,95.0,157.0,0.7717,243.08550000000002
7,252,244,96.83%,8,0:00:13,110.0,122.0,0.82,206.64
8,213,205,96.24%,8,0:00:10,130.0,202.0,0.8809999999999999,187.653
9,219,200,91.32%,19,0:00:15,138.0,372.0,0.7945,173.9955
10,371,348,93.80%,23,0:00:19,100.0,209.0,0.7363,273.16729999999995
11,166,164,98.80%,2,0:00:12,130.0,166.0,0.8133,135.0078
12,32,32,100.00%,0,0:00:02,123.0,3.0,1.0,32.0
13,231,222,96.10%,9,0:00:08,109.0,138.0,0.8645999999999999,199.72259999999997
14,205,197,96.10%,8,0:00:07,112.0,168.0,0.9261,189.8505
15,338,313,92.60%,25,0:00:13,111.0,220.0,0.8006,270.6028
16,180,174,96.67%,6,0:00:13,138.0,206.0,0.838,150.84
17,226,211,93.36%,15,0:00:20,124.0,293.0,0.7623000000000001,172.27980000000002
18,226,212,93.81%,14,0:00:10,123.0,165.0,0.8443999999999999,190.8344
19,45,44,97.78%,1,0:00:02,124.0,55.0,0.9778,44.001
20,218,194,88.99%,24,0:00:26,163.0,388.0,0.6898000000000001,150.37640000000002
21,187,174,93.05%,13,0:00:15,136.0,279.0,0.8151999999999999,152.4424
22,191,184,96.34%,7,0:00:10,129.0,220.0,0.8564,163.57240000000002
23,188,174,92.55%,14,0:00:15,145.0,189.0,0.7687999999999999,144.53439999999998
24,154,148,96.10%,6,0:00:10,147.0,216.0,0.8506,130.9924
25,166,150,90.36%,16,0:00:18,146.0,278.0,0.7683,127.5378
26,58,57,98.28%,1,0:00:04,146.0,58.0,0.9483,55.001400000000004
27,160,153,95.63%,7,0:00:10,143.0,165.0,0.8491,135.856
28,86,79,91.86%,7,0:00:32,163.0,280.0,0.6163000000000001,53.0018
29,180,170,94.44%,10,0:00:23,151.0,345.0,0.7753,139.554
30,210,192,91.43%,18,0:00:26,136.0,335.0,0.6746,141.666
31,163,157,96.32%,6,0:00:14,139.0,175.0,0.8137000000000001,132.6331
32,143,140,97.90%,3,0:00:15,140.0,283.0,0.8251999999999999,118.00359999999999
33,57,55,96.49%,2,0:00:06,123.0,110.0,0.9123,52.0011
34,179,172,96.09%,7,0:00:13,137.0,203.0,0.8249,147.65709999999999
35,194,184,94.85%,10,0:00:24,144.0,199.0,0.701,135.994
36,201,196,97.51%,5,0:00:15,136.0,293.0,0.8159000000000001,163.9959
37,218,189,86.70%,29,0:00:32,157.0,484.0,0.5740999999999999,125.15379999999999
38,194,190,97.94%,4,0:00:16,142.0,122.0,0.8177,158.6338
39,227,219,96.48%,8,0:00:15,164.0,235.0,0.8362999999999999,189.84009999999998
40,52,52,100.00%,0,0:00:09,136.0,52.0,0.9423,48.9996
41,385,370,96.10%,15,0:00:20,131.0,190.0,0.7619,293.3315
42,137,130,94.89%,7,0:00:16,146.0,587.0,0.7591,103.9967
43,254,252,99.21%,2,0:00:10,128.0,70.0,0.9134,232.0036
44,211,206,97.63%,5,0:00:11,144.0,277.0,0.8714,183.8654
45,282,279,98.94%,3,0:00:07,138.0,71.0,0.9320999999999999,262.8522
46,262,260,99.24%,2,0:00:08,151.0,73.0,0.9079999999999999,237.896
47,65,63,96.92%,2,0:00:12,142.0,130.0,0.8593999999999999,55.861
48,325,323,99.38%,2,0:00:05,133.0,74.0,0.9690000000000001,314.925
49,235,230,97.87%,5,0:00:05,139.0,58.0,0.9614,225.929
50,215,212,98.60%,3,0:00:05,134.0,58.0,0.9581000000000001,205.9915
51,85,85,100.00%,0,0:00:03,146.0,55.0,0.9765,83.0025
52,195,195,100.00%,0,0:00:05,144.0,133.0,0.9743999999999999,190.00799999999998
53,188,182,96.81%,6,0:00:15,134.0,111.0,0.8361,157.1868
54,58,58,100.00%,0,0:00:06,142.0,52.0,0.9483,55.001400000000004
55,251,247,98.41%,4,0:00:14,136.0,113.0,0.8353,209.6603
56,181,178,98.34%,3,0:00:12,144.0,117.0,0.8619,156.0039
57,228,213,93.42%,15,0:00:26,136.0,187.0,0.6356,144.91680000000002
58,165,163,98.79%,2,0:00:09,145.0,140.0,0.9024,148.896
59,185,179,96.76%,6,0:00:17,137.0,153.0,0.7857,145.3545
60,172,164,95.35%,8,0:00:18,147.0,249.0,0.7706000000000001,132.5432
61,57,51,89.47%,6,0:00:07,107.0,220.0,0.9057,51.6249
62,200,192,96.00%,8,0:00:10,138.0,169.0,0.8643000000000001,172.86
63,202,199,98.51%,3,0:00:08,125.0,77.0,0.91,183.82
64,217,212,97.70%,5,0:00:07,115.0,110.0,0.9442,204.8914
65,225,223,99.11%,2,0:00:09,129.0,66.0,0.9193000000000001,206.84250000000003
66,235,231,98.30%,4,0:00:08,139.0,66.0,0.9571,224.9185
67,202,201,99.50%,1,0:00:08,141.0,113.0,0.9455,190.991
68,43,39,90.70%,4,0:00:11,135.0,110.0,0.7619,32.7617
69,194,187,96.39%,7,0:00:10,147.0,150.0,0.8743000000000001,169.6142
70,202,199,98.51%,3,0:00:13,143.0,118.0,0.8606999999999999,173.86139999999997
71,146,140,95.89%,6,0:00:12,133.0,275.0,0.8345,121.837
72,147,145,98.64%,2,0:00:09,135.0,58.0,0.9116,134.0052
73,155,145,93.55%,10,0:00:12,153.0,273.0,0.8223999999999999,127.47199999999998
74,157,156,99.36%,1,0:00:09,144.0,53.0,0.9295,145.9315
75,38,36,94.74%,2,0:00:13,131.0,59.0,0.8378,31.8364
76,166,162,97.59%,4,0:00:09,149.0,165.0,0.8909,147.8894
77,226,216,95.58%,10,0:00:13,135.0,106.0,0.8145,184.077
78,253,247,97.63%,6,0:00:10,114.0,77.0,0.8848999999999999,223.87969999999999
79,134,134,100.00%,0,0:00:03,133.0,26.0,1.0,134.0
80,70,67,95.71%,3,0:00:12,121.0,76.0,0.8382,58.674
81,83,82,98.80%,1,0:00:07,123.0,76.0,0.9518000000000001,78.99940000000001
82,42,40,95.24%,2,0:00:08,111.0,96.0,0.9024,37.9008
83,66,64,96.97%,2,0:00:05,120.0,99.0,0.9545,62.997
84,153,146,95.42%,7,0:00:20,128.0,272.0,0.76,116.28
85,141,135,95.74%,6,0:00:23,126.0,135.0,0.6690999999999999,94.34309999999999
86,146,143,97.95%,3,0:00:17,117.0,147.0,0.7831999999999999,114.34719999999999
87,144,140,97.22%,4,0:00:12,113.0,125.0,0.8403,121.0032
88,105,103,98.10%,2,0:00:17,115.0,121.0,0.7619,79.9995
89,36,35,97.22%,1,0:00:16,114.0,91.0,0.7714,27.7704
90,61,57,93.44%,4,0:00:04,120.0,221.0,0.9167000000000001,55.9187
91,60,58,96.67%,2,0:00:11,128.0,94.0,0.85,51.0
92,18,17,94.44%,1,0:00:05,159.0,20.0,1.0,18.0
93,206,202,98.06%,4,0:00:09,114.0,70.0,0.8926999999999999,183.8962
94,194,193,99.48%,1,0:00:11,117.0,94.0,0.8497,164.8418
95,206,200,97.09%,6,0:00:10,128.0,120.0,0.8626999999999999,177.7162
96,53,53,100.00%,0,0:00:18,128.0,130.0,0.7736,41.0008
97,147,145,98.64%,2,0:00:09,110.0,84.0,0.8835999999999999,129.8892
98,201,197,98.01%,4,0:00:09,119.0,143.0,0.9095,182.80949999999999
99,202,198,98.02%,4,0:00:10,129.0,71.0,0.885,178.77
100,226,219,96.90%,7,0:00:10,132.0,165.0,0.88,198.88
101,167,163,97.60%,4,0:00:07,129.0,110.0,0.9277,154.92589999999998
102,164,164,100.00%,0,0:00:11,137.0,105.0,0.8902,145.9928
103,42,41,97.62%,1,0:00:11,129.0,78.0,0.878,36.876
104,79,78,98.73%,1,0:00:07,143.0,48.0,0.9487000000000001,74.94730000000001
105,165,162,98.18%,3,0:00:09,129.0,110.0,0.897,148.005
106,180,174,96.67%,6,0:00:16,136.0,103.0,0.7778,140.00400000000002
107,179,176,98.32%,3,0:00:10,146.0,110.0,0.8764,156.8756
108,217,215,99.08%,2,0:00:08,128.0,127.0,0.9170999999999999,199.01069999999999
109,171,167,97.66%,4,0:00:10,135.0,110.0,0.8647,147.8637
110,37,37,100.00%,0,0:00:09,117.0,82.0,0.8649,32.0013
111,215,206,95.81%,9,0:00:18,129.0,165.0,0.8095,174.0425
112,218,212,97.25%,6,0:00:16,137.0,129.0,0.8426,183.6868
113,205,202,98.54%,3,0:00:11,145.0,97.0,0.9068999999999999,185.91449999999998
114,195,190,97.44%,5,0:00:12,142.0,74.0,0.8901,173.5695
115,181,176,97.24%,5,0:00:13,133.0,76.0,0.8222,148.81820000000002
116,212,206,97.17%,6,0:00:11,140.0,109.0,0.8942,189.5704
117,33,32,96.97%,1,0:00:08,148.0,55.0,0.9091,30.0003
118,298,287,96.31%,11,0:00:13,95.0,171.0,0.8332999999999999,248.3234
119,158,156,98.73%,2,0:00:11,143.0,92.0,0.8981,141.8998
120,156,154,98.72%,2,0:00:12,133.0,61.0,0.8581,133.8636
121,163,163,100.00%,0,0:00:10,122.0,166.0,0.9264,151.0032
122,98,98,100.00%,0,0:00:07,130.0,70.0,0.9388,92.0024
123,255,249,97.65%,6,0:00:15,139.0,331.0,0.8268000000000001,210.83400000000003
124,50,49,98.00%,1,0:00:08,122.0,57.0,0.92,46.0
125,290,289,99.66%,1,0:00:12,121.0,70.0,0.8926999999999999,258.883
126,296,281,94.93%,15,0:00:22,128.0,270.0,0.7354,217.6784
127,260,257,98.85%,3,0:00:17,133.0,80.0,0.8715999999999999,226.61599999999999
128,201,193,96.02%,8,0:00:19,143.0,122.0,0.7676999999999999,154.30769999999998
129,132,131,99.24%,1,0:00:17,133.0,90.0,0.7652,101.0064
130,167,165,98.80%,2,0:00:09,126.0,57.0,0.9212,153.84040000000002
131,85,79,92.94%,6,0:00:18,145.0,113.0,0.7737999999999999,65.773
132,244,236,96.72%,8,0:00:21,149.0,116.0,0.7562000000000001,184.51280000000003
133,186,182,97.85%,4,0:00:14,133.0,98.0,0.7903,146.9958
134,278,264,94.96%,14,0:00:19,140.0,130.0,0.7684000000000001,213.61520000000002
135,272,268,98.53%,4,0:00:15,150.0,105.0,0.8,217.60000000000002
136,218,206,94.50%,12,0:00:25,141.0,221.0,0.6728000000000001,146.6704
137,152,148,97.37%,4,0:00:14,138.0,85.0,0.8332999999999999,126.66159999999999
138,48,43,89.58%,5,0:00:22,121.0,81.0,0.6957,33.3936
139,186,181,97.31%,5,0:00:14,140.0,109.0,0.8495,158.007
140,182,180,98.90%,2,0:00:08,130.0,58.0,0.9337000000000001,169.9334
141,192,188,97.92%,4,0:00:20,118.0,116.0,0.7619,146.28480000000002
142,155,148,95.48%,7,0:00:14,144.0,138.0,0.8533,132.26149999999998
143,144,142,98.61%,2,0:00:11,139.0,65.0,0.9020999999999999,129.9024
144,164,162,98.78%,2,0:00:12,155.0,110.0,0.8537,140.0068
145,27,26,96.30%,1,0:00:11,124.0,77.0,0.8148000000000001,21.9996
146,177,175,98.87%,2,0:00:11,139.0,95.0,0.9086,160.82219999999998
147,134,131,97.76%,3,0:00:14,143.0,99.0,0.8134,108.9956
148,125,120,96.00%,5,0:00:14,140.0,172.0,0.8454999999999999,105.68749999999999
149,167,163,97.60%,4,0:00:16,144.0,72.0,0.8120999999999999,135.6207
150,169,167,98.82%,2,0:00:09,134.0,104.0,0.8994,151.9986
151,162,160,98.77%,2,0:00:16,135.0,91.0,0.8312999999999999,134.67059999999998
152,25,25,100.00%,0,0:00:16,155.0,58.0,0.76,19.0
153,157,146,92.99%,11,0:00:17,137.0,111.0,0.7974,125.1918
154,166,154,92.77%,12,0:00:25,138.0,219.0,0.6626000000000001,109.99160000000002
155,58,55,94.83%,3,0:00:16,131.0,165.0,0.7414000000000001,43.001200000000004
156,75,74,98.67%,1,0:00:15,133.0,198.0,0.84,63.0
157,28,28,100.00%,0,0:00:07,148.0,51.0,0.9643,27.000400000000003
158,108,107,99.07%,1,0:00:09,131.0,59.0,0.9444,101.9952
159,21,21,100.00%,0,0:00:07,178.0,58.0,0.9523999999999999,20.0004
160,189,182,96.30%,7,0:00:21,130.0,286.0,0.7634000000000001,144.2826
161,161,155,96.27%,6,0:00:19,147.0,110.0,0.7188,115.7268
162,155,151,97.42%,4,0:00:17,140.0,109.0,0.8051999999999999,124.80599999999998
163,161,150,93.17%,11,0:00:17,142.0,165.0,0.7532,121.2652
164,132,129,97.73%,3,0:00:27,142.0,154.0,0.6515000000000001,85.998
165,122,119,97.54%,3,0:00:16,144.0,110.0,0.8,97.60000000000001
166,17,17,100.00%,0,0:00:21,160.0,58.0,0.7646999999999999,12.999899999999998
167,45,45,100.00%,0,0:00:06,126.0,57.0,0.9556,43.002
168,177,172,97.18%,5,0:00:20,143.0,171.0,0.76,134.52
169,133,132,99.25%,1,0:00:10,145.0,59.0,0.9323,123.9959
170,177,167,94.35%,10,0:00:15,142.0,275.0,0.8323999999999999,147.33479999999997
171,127,124,97.64%,3,0:00:16,142.0,105.0,0.8189,104.0003
172,148,147,99.32%,1,0:00:16,131.0,191.0,0.8311,123.0028
173,23,23,100.00%,0,0:00:32,122.0,163.0,0.6522,15.0006
174,141,134,95.04%,7,0:00:24,158.0,149.0,0.7214,101.71740000000001
175,124,120,96.77%,4,0:00:20,153.0,178.0,0.8226,102.0024
176,165,156,94.55%,9,0:00:25,141.0,158.0,0.7055,116.4075
177,168,166,98.81%,2,0:00:21,153.0,223.0,0.8012,134.6016
178,198,188,94.95%,10,0:00:22,152.0,165.0,0.7092,140.4216
179,139,133,95.68%,6,0:00:17,160.0,183.0,0.8015000000000001,111.40850000000002
180,46,45,97.83%,1,0:00:10,134.0,76.0,0.8889,40.8894
181,184,174,94.57%,10,0:00:23,157.0,275.0,0.7654000000000001,140.83360000000002
182,207,190,91.79%,17,0:00:21,143.0,246.0,0.7136,147.7152
183,191,180,94.24%,11,0:00:21,152.0,113.0,0.765,146.115
184,213,204,95.77%,9,0:00:24,146.0,166.0,0.6967,148.3971
185,483,451,93.37%,32,0:00:16,57.0,525.0,0.792,382.536
186,547,526,96.16%,21,0:00:19,81.0,234.0,0.8158,446.2426
187,54,53,98.15%,1,0:00:25,156.0,78.0,0.7037,37.9998
188,275,261,94.91%,14,0:00:22,133.0,132.0,0.7444,204.70999999999998
189,205,195,95.12%,10,0:00:24,154.0,180.0,0.7079000000000001,145.11950000000002
190,80,77,96.25%,3,0:00:10,131.0,93.0,0.8961,71.688
191,200,195,97.50%,5,0:00:21,150.0,168.0,0.7525,150.5
192,154,150,97.40%,4,0:00:21,149.0,165.0,0.7434000000000001,114.48360000000001
193,163,155,95.09%,8,0:00:23,138.0,146.0,0.7452,121.46759999999999
194,12,12,100.00%,0,0:00:25,217.0,88.0,0.6667000000000001,8.0004
195,218,212,97.25%,6,0:00:20,116.0,251.0,0.7593000000000001,165.52740000000003
196,172,163,94.77%,9,0:00:18,129.0,113.0,0.8193,140.9196
197,205,194,94.63%,11,0:00:18,144.0,101.0,0.8059999999999999,165.23
198,178,168,94.38%,10,0:00:23,148.0,170.0,0.6897,122.7666
199,214,201,93.93%,13,0:00:23,131.0,144.0,0.6603,141.3042
200,169,161,95.27%,8,0:00:23,137.0,275.0,0.7169,121.1561
201,46,46,100.00%,0,0:00:25,144.0,95.0,0.7173999999999999,33.0004
202,183,177,96.72%,6,0:00:18,150.0,67.0,0.8111,148.43130000000002
203,208,190,91.35%,18,0:00:21,145.0,110.0,0.7411,154.1488
204,234,224,95.73%,10,0:00:22,135.0,200.0,0.7414000000000001,173.48760000000001
205,204,194,95.10%,10,0:00:18,137.0,110.0,0.7870999999999999,160.56839999999997
206,204,189,92.65%,15,0:00:21,135.0,236.0,0.7079000000000001,144.41160000000002
207,99,99,100.00%,0,0:00:16,145.0,62.0,0.8283,82.0017
208,29,27,93.10%,2,0:00:19,167.0,142.0,0.7857,22.7853
209,167,159,95.21%,8,0:00:23,148.0,275.0,0.7048000000000001,117.70160000000001
210,164,161,98.17%,3,0:00:17,155.0,97.0,0.8170999999999999,134.00439999999998
211,158,147,93.04%,11,0:00:21,154.0,123.0,0.7243999999999999,114.45519999999999
212,165,161,97.58%,4,0:00:17,146.0,66.0,0.7791,128.5515
213,129,124,96.12%,5,0:00:23,148.0,110.0,0.7087,91.42229999999999
214,155,149,96.13%,6,0:00:23,146.0,259.0,0.7451000000000001,115.49050000000001
215,24,22,91.67%,2,0:00:28,144.0,81.0,0.5417000000000001,13.000800000000002
216,209,200,95.69%,9,0:00:23,144.0,131.0,0.6667000000000001,139.3403
217,239,226,94.56%,13,0:00:26,139.0,170.0,0.6723,160.6797
218,229,210,91.70%,19,0:00:29,143.0,496.0,0.6416,146.9264
219,194,172,88.66%,22,0:00:23,140.0,376.0,0.6614,128.3116
220,202,179,88.61%,23,0:00:24,136.0,170.0,0.6443000000000001,130.14860000000002
221,268,254,94.78%,14,0:00:15,111.0,160.0,0.8112999999999999,217.42839999999998
222,52,49,94.23%,3,0:00:18,138.0,137.0,0.7646999999999999,39.764399999999995
223,414,397,95.89%,17,0:00:23,118.0,332.0,0.7073,292.8222
224,346,325,93.93%,21,0:00:27,142.0,165.0,0.6568999999999999,227.28739999999996
225,187,179,95.72%,8,0:00:25,134.0,179.0,0.6703,125.3461
226,203,186,91.63%,17,0:00:24,158.0,275.0,0.6959000000000001,141.26770000000002
227,204,194,95.10%,10,0:00:18,153.0,122.0,0.8240999999999999,168.1164
228,126,121,96.03%,5,0:00:21,152.0,111.0,0.7062999999999999,88.9938
229,36,36,100.00%,0,0:00:17,127.0,91.0,0.7778,28.0008
230,180,165,91.67%,15,0:00:27,150.0,139.0,0.6609,118.962
231,169,162,95.86%,7,0:00:20,145.0,113.0,0.7456,126.00640000000001
232,155,151,97.42%,4,0:00:21,140.0,165.0,0.7097,110.0035
233,169,137,81.07%,32,0:00:38,144.0,330.0,0.4036,68.2084
234,61,45,73.77%,16,0:00:32,169.0,330.0,0.40979999999999994,24.997799999999998
235,167,136,81.44%,31,0:00:42,156.0,328.0,0.35979999999999995,60.08659999999999
236,32,27,84.38%,5,0:00:35,142.0,190.0,0.5313,17.0016
237,229,148,64.63%,81,0:00:36,168.0,639.0,0.4318,98.8822
238,208,204,98.08%,4,0:00:19,186.0,314.0,0.7767000000000001,161.55360000000002
239,175,168,96.00%,7,0:00:25,171.0,224.0,0.6512,113.96
240,177,167,94.35%,10,0:00:22,161.0,264.0,0.6839,121.0503
241,822,767,93.31%,55,0:00:24,85.0,275.0,0.644,529.368
242,87,85,97.70%,2,0:00:23,145.0,137.0,0.6781999999999999,59.00339999999999
243,41,39,95.12%,2,0:00:15,162.0,78.0,0.825,33.824999999999996
244,280,257,91.79%,23,0:00:31,153.0,475.0,0.6386999999999999,178.83599999999998
245,199,192,96.48%,7,0:00:22,166.0,168.0,0.7387,147.00130000000001
246,252,239,94.84%,13,0:00:29,149.0,216.0,0.6492,163.5984
247,220,208,94.55%,12,0:00:20,156.0,165.0,0.7559,166.298
248,206,193,93.69%,13,0:00:24,147.0,217.0,0.7548999999999999,155.50939999999997
249,217,206,94.93%,11,0:00:22,146.0,122.0,0.7103,154.13510000000002
250,24,24,100.00%,0,0:00:19,170.0,67.0,0.7917000000000001,19.0008
251,248,238,95.97%,10,0:00:13,147.0,110.0,0.8525,211.42000000000002
252,222,212,95.50%,10,0:00:20,145.0,221.0,0.7773,172.5606
253,190,178,93.68%,12,0:00:32,147.0,165.0,0.5508,104.65199999999999
254,238,231,97.06%,7,0:00:20,147.0,123.0,0.7966,189.5908
255,214,205,95.79%,9,0:00:20,154.0,154.0,0.7905,169.167
256,186,176,94.62%,10,0:00:23,135.0,303.0,0.7088,131.8368
257,21,20,95.24%,1,0:00:14,145.0,54.0,0.85,17.849999999999998
258,169,157,92.90%,12,0:00:21,149.0,270.0,0.7770999999999999,131.32989999999998
259,149,141,94.63%,8,0:00:16,158.0,157.0,0.7905,117.7845
260,171,164,95.91%,7,0:00:19,142.0,229.0,0.7719,131.9949
261,127,122,96.06%,5,0:00:13,142.0,85.0,0.878,111.506
262,21,21,100.00%,0,0:00:08,183.0,58.0,0.9048,19.0008
263,5,5,100.00%,0,0:00:14,157.0,59.0,0.8,4.0
264,33,32,96.97%,1,0:00:26,124.0,105.0,0.6667000000000001,22.0011
265,145,139,95.86%,6,0:00:20,148.0,221.0,0.7902,114.57900000000001
266,129,127,98.45%,2,0:00:19,133.0,109.0,0.7559,97.5111
267,194,178,91.75%,16,0:00:26,156.0,320.0,0.6718999999999999,130.34859999999998
268,194,187,96.39%,7,0:00:24,145.0,224.0,0.7725,149.86499999999998
269,202,195,96.53%,7,0:00:21,141.0,179.0,0.7475,150.995
270,214,208,97.20%,6,0:00:13,139.0,57.0,0.8815000000000001,188.64100000000002
271,28,28,100.00%,0,0:00:13,133.0,78.0,0.8929,25.0012
272,191,187,97.91%,4,0:00:15,143.0,100.0,0.8254,157.6514
273,205,197,96.10%,8,0:00:21,147.0,143.0,0.7437999999999999,152.47899999999998
274,198,196,98.99%,2,0:00:23,148.0,123.0,0.736,145.728
275,184,177,96.20%,7,0:00:20,161.0,110.0,0.7857,144.56879999999998
276,184,174,94.57%,10,0:00:25,147.0,167.0,0.7,128.79999999999998
277,168,160,95.24%,8,0:00:26,145.0,124.0,0.6826000000000001,114.67680000000001
278,39,37,94.87%,2,0:00:14,128.0,63.0,0.8108,31.621199999999998
279,225,210,93.33%,15,0:00:28,133.0,153.0,0.6697,150.6825
280,182,174,95.60%,8,0:00:32,136.0,236.0,0.6022,109.6004
281,346,305,88.15%,41,0:00:45,117.0,307.0,0.45030000000000003,155.80380000000002
282,450,441,98.00%,9,0:00:19,113.0,151.0,0.7829999999999999,352.34999999999997
283,259,248,95.75%,11,0:00:20,126.0,111.0,0.7539,195.2601
284,231,214,92.64%,17,0:00:18,126.0,151.0,0.7956,183.7836
285,48,47,97.92%,1,0:00:13,123.0,106.0,0.8957999999999999,42.9984
286,246,236,95.93%,10,0:00:20,131.0,276.0,0.7918000000000001,194.7828
287,202,195,96.53%,7,0:00:25,135.0,333.0,0.745,150.49
288,153,150,98.04%,3,0:00:15,135.0,132.0,0.8223999999999999,125.82719999999999
289,178,172,96.63%,6,0:00:19,135.0,275.0,0.7829,139.3562
290,172,165,95.93%,7,0:00:19,144.0,204.0,0.7929,136.3788
291,208,200,96.15%,8,0:00:26,143.0,195.0,0.6878,143.0624
292,77,76,98.70%,1,0:00:29,136.0,114.0,0.5844,44.9988
293,291,250,85.91%,41,0:00:41,140.0,430.0,0.5544,161.3304
294,219,212,96.80%,7,0:00:21,139.0,110.0,0.7685,168.3015
295,173,169,97.69%,4,0:00:18,133.0,134.0,0.8140000000000001,140.822
296,204,197,96.57%,7,0:00:17,143.0,117.0,0.8,163.20000000000002
297,216,185,85.65%,31,0:00:30,137.0,386.0,0.6143,132.6888
298,461,441,95.66%,20,0:00:30,138.0,220.0,0.6149,283.4689
299,56,55,98.21%,1,0:00:26,131.0,113.0,0.6607,36.999199999999995
300,192,176,91.67%,16,0:00:23,125.0,167.0,0.6828,131.0976
301,382,365,95.55%,17,0:00:20,95.0,173.0,0.7314,279.39480000000003
302,246,223,90.65%,23,0:00:25,134.0,324.0,0.7167,176.3082
303,48,46,95.83%,2,0:00:26,134.0,85.0,0.7234,34.723200000000006
304,221,205,92.76%,16,0:00:26,135.0,195.0,0.6308,139.4068
305,275,261,94.91%,14,0:00:33,139.0,178.0,0.5852,160.93
306,39,36,92.31%,3,0:00:19,113.0,112.0,0.7778,30.334200000000003
307,250,236,94.40%,14,0:00:29,128.0,247.0,0.5904,147.60000000000002
308,197,184,93.40%,13,0:00:29,143.0,221.0,0.5561,109.55170000000001
309,223,208,93.27%,15,0:00:28,141.0,411.0,0.7227,161.1621
310,240,236,98.33%,4,0:00:18,134.0,128.0,0.7792,187.008
311,55,52,94.55%,3,0:00:16,139.0,102.0,0.7818,42.999
312,59,54,91.53%,5,0:00:08,126.0,121.0,0.8475,50.002500000000005
313,36,31,86.11%,5,0:00:11,142.0,116.0,0.7222,25.9992
314,229,219,95.63%,10,0:00:13,127.0,155.0,0.8489,194.3981
315,206,189,91.75%,17,0:00:15,139.0,228.0,0.8283,170.62980000000002
316,225,200,88.89%,25,0:00:21,141.0,282.0,0.7311,164.4975
317,200,193,96.50%,7,0:00:17,143.0,220.0,0.7929,158.58
318,189,179,94.71%,10,0:00:22,130.0,401.0,0.7807,147.5523
319,169,159,94.08%,10,0:00:22,143.0,206.0,0.7365,124.4685
320,41,40,97.56%,1,0:00:25,152.0,125.0,0.6829000000000001,27.998900000000003
321,218,187,85.78%,31,0:00:48,135.0,313.0,0.5211,113.5998
322,194,185,95.36%,9,0:00:21,130.0,165.0,0.7158,138.8652
323,176,172,97.73%,4,0:00:16,140.0,135.0,0.8208,144.4608
324,181,179,98.90%,2,0:00:18,141.0,137.0,0.8056,145.8136
325,159,151,94.97%,8,0:00:29,119.0,221.0,0.6101,97.0059
326,144,135,93.75%,9,0:00:24,132.0,385.0,0.7062999999999999,101.70719999999999
327,30,29,96.67%,1,0:00:33,178.0,136.0,0.6,18.0
328,197,185,93.91%,12,0:00:24,138.0,140.0,0.6823,134.41310000000001
329,56,47,83.93%,9,0:00:24,142.0,168.0,0.5893,33.000800000000005
330,182,153,84.07%,29,0:00:38,137.0,641.0,0.5389,98.0798
331,178,166,93.26%,12,0:00:30,144.0,312.0,0.6207,110.4846
332,183,164,89.62%,19,0:00:25,124.0,220.0,0.6591,120.6153
333,197,182,92.39%,15,0:00:28,145.0,260.0,0.648,127.656
334,60,58,96.67%,2,0:00:37,156.0,190.0,0.5424,32.544
335,241,224,92.95%,17,0:00:23,145.0,165.0,0.7045999999999999,169.80859999999998
336,307,295,96.09%,12,0:00:29,136.0,165.0,0.6046,185.6122
337,295,289,97.97%,6,0:00:26,143.0,191.0,0.7069,208.53549999999998
338,239,230,96.23%,9,0:00:26,134.0,194.0,0.6890999999999999,164.6949
339,241,231,95.85%,10,0:00:23,145.0,112.0,0.7245999999999999,174.62859999999998
340,211,195,92.42%,16,0:00:33,162.0,196.0,0.524,110.56400000000001
341,40,35,87.50%,5,0:00:40,155.0,192.0,0.475,19.0
342,192,174,90.63%,18,0:00:32,136.0,220.0,0.5579,107.11679999999998
343,201,179,89.05%,22,0:00:35,138.0,220.0,0.5729,115.15289999999999
344,274,247,90.15%,27,0:00:28,130.0,244.0,0.6394,175.19559999999998
345,205,176,85.85%,29,0:00:41,136.0,311.0,0.4623,94.7715
346,177,160,90.40%,17,0:00:28,140.0,239.0,0.5920000000000001,104.78400000000002
347,159,151,94.97%,8,0:00:22,128.0,442.0,0.7325,116.4675
348,33,28,84.85%,5,0:00:13,150.0,62.0,0.6667000000000001,22.0011
349,228,210,92.11%,18,0:00:23,128.0,189.0,0.6667000000000001,152.00760000000002
350,177,172,97.18%,5,0:00:25,135.0,172.0,0.6914,122.37780000000001
351,197,169,85.79%,28,0:00:34,150.0,461.0,0.5567,109.6699
352,721,616,85.44%,105,0:00:57,115.0,348.0,0.28309999999999996,204.11509999999998
353,301,270,89.70%,31,0:00:42,125.0,606.0,0.42469999999999997,127.83469999999998
354,179,175,97.77%,4,0:00:24,141.0,192.0,0.7134999999999999,127.71649999999998
355,45,45,100.00%,0,0:00:16,131.0,201.0,0.8667,39.0015
356,180,164,91.11%,16,0:00:25,142.0,110.0,0.618,111.24
357,206,200,97.09%,6,0:00:22,139.0,127.0,0.7463,153.7378
358,187,181,96.79%,6,0:00:32,150.0,234.0,0.627,117.249
359,186,177,95.16%,9,0:00:28,142.0,330.0,0.6793,126.3498
360,189,180,95.24%,9,0:00:35,135.0,204.0,0.5645,106.6905
361,127,116,91.34%,11,0:00:34,145.0,166.0,0.5645,71.6915
362,93,90,96.77%,3,0:00:26,117.0,177.0,0.6344,58.999199999999995
363,328,292,89.02%,36,0:00:37,137.0,385.0,0.4968,162.9504
364,238,223,93.70%,15,0:00:33,143.0,220.0,0.5922999999999999,140.9674
365,237,222,93.67%,15,0:00:34,144.0,172.0,0.5385,127.6245
366,257,235,91.44%,22,0:00:45,151.0,264.0,0.44659999999999994,114.77619999999999
367,238,223,93.70%,15,0:00:32,137.0,202.0,0.547,130.186
368,199,164,82.41%,35,0:00:32,133.0,416.0,0.5918,117.7682
369,30,27,90.00%,3,0:00:32,154.0,157.0,0.6071,18.213
370,176,163,92.61%,13,0:00:38,125.0,330.0,0.5428999999999999,95.5504
371,162,144,88.89%,18,0:00:41,145.0,220.0,0.5031,81.5022
372,169,157,92.90%,12,0:00:29,149.0,116.0,0.5389,91.0741
373,155,146,94.19%,9,0:00:30,138.0,190.0,0.5097999999999999,79.01899999999999
374,247,205,83.00%,42,0:00:49,146.0,456.0,0.3849,95.0703
375,191,186,97.38%,5,0:00:24,134.0,114.0,0.7053,134.7123
376,30,29,96.67%,1,0:00:06,135.0,46.0,0.9333,27.999000000000002
377,316,290,91.77%,26,0:00:31,141.0,242.0,0.5916,186.9456
378,211,195,92.42%,16,0:00:34,141.0,385.0,0.5577000000000001,117.67470000000002
379,208,169,81.25%,39,0:00:45,138.0,435.0,0.4585,95.36800000000001
380,130,124,95.38%,6,0:00:22,137.0,135.0,0.6899,89.687
381,134,129,96.27%,5,0:00:24,132.0,208.0,0.7090000000000001,95.00600000000001
382,124,121,97.58%,3,0:00:27,139.0,199.0,0.7073,87.7052
383,47,43,91.49%,4,0:00:37,138.0,196.0,0.5435,25.5445
384,197,186,94.42%,11,0:00:28,138.0,147.0,0.6383,125.7451
385,158,146,92.41%,12,0:00:31,144.0,220.0,0.5696,89.9968
386,163,151,92.64%,12,0:00:28,133.0,293.0,0.6375,103.9125
387,178,160,89.89%,18,0:00:35,159.0,281.0,0.5449,96.99220000000001
388,151,128,84.77%,23,0:00:35,143.0,338.0,0.5338,80.6038
389,118,106,89.83%,12,0:00:33,145.0,272.0,0.5517,65.1006
390,31,28,90.32%,3,0:00:40,160.0,192.0,0.43329999999999996,13.4323
391,139,134,96.40%,5,0:00:31,143.0,170.0,0.5942000000000001,82.5938
392,171,154,90.06%,17,0:00:27,144.0,388.0,0.6566,112.2786
393,160,156,97.50%,4,0:00:27,135.0,107.0,0.6456000000000001,103.296
394,177,169,95.48%,8,0:00:29,151.0,220.0,0.6437,113.93490000000001
395,187,180,96.26%,7,0:00:26,142.0,356.0,0.6559,122.6533
396,147,138,93.88%,9,0:00:26,144.0,319.0,0.6138,90.2286
397,35,35,100.00%,0,0:00:08,130.0,47.0,0.8856999999999999,30.999499999999998
398,208,194,93.27%,14,0:00:35,146.0,266.0,0.5693,118.4144
399,162,155,95.68%,7,0:00:19,137.0,223.0,0.7798999999999999,126.34379999999999
400,152,143,94.08%,9,0:00:22,148.0,221.0,0.7,106.39999999999999
401,132,125,94.70%,7,0:00:26,127.0,232.0,0.6894,91.0008
402,133,131,98.50%,2,0:00:12,139.0,79.0,0.8712000000000001,115.8696
403,129,121,93.80%,8,0:00:33,157.0,241.0,0.6142,79.23179999999999
404,37,35,94.59%,2,0:00:19,141.0,92.0,0.7568,28.0016
405,56,54,96.43%,2,0:00:13,153.0,133.0,0.8726999999999999,48.871199999999995
406,215,210,97.67%,5,0:00:12,94.0,102.0,0.8774,188.641
407,50,46,92.00%,4,0:00:14,162.0,73.0,0.72,36.0
408,136,129,94.85%,7,0:00:22,146.0,150.0,0.6642,90.3312
409,160,142,88.75%,18,0:00:35,154.0,190.0,0.5592,89.47200000000001
410,132,115,87.12%,17,0:00:36,147.0,275.0,0.48840000000000006,64.4688
411,30,28,93.33%,2,0:00:47,156.0,142.0,0.4,12.0
412,150,140,93.33%,10,0:00:29,152.0,131.0,0.6309,94.635
413,160,144,90.00%,16,0:00:46,159.0,265.0,0.4968,79.488
414,132,122,92.42%,10,0:00:37,158.0,231.0,0.5,66.0
415,161,151,93.79%,10,0:00:28,127.0,170.0,0.6139,98.8379
416,156,149,95.51%,7,0:00:22,148.0,251.0,0.7031999999999999,109.69919999999999
417,137,128,93.43%,9,0:00:31,150.0,304.0,0.6269,85.8853
418,28,25,89.29%,3,0:01:00,167.0,286.0,0.3214,8.9992
419,141,133,94.33%,8,0:00:33,162.0,278.0,0.6331,89.2671
420,130,123,94.62%,7,0:00:32,160.0,140.0,0.5349,69.537
421,161,155,96.27%,6,0:00:27,163.0,163.0,0.7358,118.4638
422,139,132,94.96%,7,0:00:28,160.0,111.0,0.6331,88.0009
423,167,130,77.84%,37,0:00:29,154.0,716.0,0.546,91.182
424,138,122,88.41%,16,0:00:35,169.0,330.0,0.5778,79.7364
425,47,44,93.62%,3,0:00:26,191.0,209.0,0.6304,29.6288
426,230,206,89.57%,24,0:00:38,154.0,275.0,0.4672,107.456
427,177,153,86.44%,24,0:00:30,173.0,268.0,0.5549000000000001,98.21730000000001
428,159,149,93.71%,10,0:00:33,160.0,272.0,0.6103999999999999,97.05359999999999
429,151,135,89.40%,16,0:00:36,152.0,281.0,0.5274,79.6374
430,138,126,91.30%,12,0:00:34,137.0,250.0,0.597,82.386
431,118,118,100.00%,0,0:00:26,153.0,98.0,0.6609999999999999,77.99799999999999
432,22,21,95.45%,1,0:00:42,144.0,176.0,0.5238,11.523600000000002
433,177,156,88.14%,21,0:00:42,159.0,196.0,0.42369999999999997,74.99489999999999
434,156,147,94.23%,9,0:00:29,151.0,221.0,0.6364,99.27839999999999
435,123,121,98.37%,2,0:00:26,148.0,209.0,0.6423000000000001,79.00290000000001
436,130,125,96.15%,5,0:00:26,149.0,208.0,0.6693000000000001,87.00900000000001
437,141,134,95.04%,7,0:00:39,153.0,188.0,0.5643,79.5663
438,121,113,93.39%,8,0:00:38,158.0,258.0,0.5083,61.50429999999999
439,35,31,88.57%,4,0:00:34,125.0,269.0,0.4706,16.471
440,240,226,94.17%,14,0:00:36,135.0,246.0,0.5702,136.848
441,130,118,90.77%,12,0:00:32,143.0,220.0,0.5781000000000001,75.153
442,140,130,92.86%,10,0:00:29,151.0,455.0,0.6232,87.24799999999999
443,131,111,84.73%,20,0:00:38,196.0,599.0,0.5969,78.1939
444,74,74,100.00%,0,0:00:13,175.0,113.0,0.8919,66.0006
445,24,24,100.00%,0,0:00:12,167.0,57.0,0.8332999999999999,19.9992
446,11,10,90.91%,1,0:00:13,144.0,55.0,0.8181999999999999,9.0002
447,28,26,92.86%,2,0:00:10,150.0,86.0,0.8148000000000001,22.814400000000003
448,43,43,100.00%,0,0:00:08,143.0,52.0,0.8837,37.9991
449,62,62,100.00%,0,0:00:17,132.0,86.0,0.8226,51.0012
450,70,69,98.57%,1,0:00:22,126.0,520.0,0.8143,57.001000000000005
451,107,97,90.65%,10,0:00:21,146.0,160.0,0.6887000000000001,73.69090000000001
452,91,85,93.41%,6,0:00:30,147.0,349.0,0.6264,57.002399999999994
453,25,25,100.00%,0,0:00:11,160.0,55.0,0.84,21.0
454,85,79,92.94%,6,0:00:24,151.0,187.0,0.7229000000000001,61.44650000000001
455,91,83,91.21%,8,0:00:26,157.0,220.0,0.6264,57.002399999999994
456,48,46,95.83%,2,0:00:11,133.0,82.0,0.8298000000000001,39.830400000000004
457,14,11,78.57%,3,0:00:18,147.0,165.0,0.6154,8.615599999999999
458,43,42,97.67%,1,0:00:22,167.0,195.0,0.7381,31.7383
459,74,69,93.24%,5,0:00:23,151.0,288.0,0.7670999999999999,56.76539999999999
460,33,33,100.00%,0,0:00:14,145.0,89.0,0.8181999999999999,27.0006
461,124,112,90.32%,12,0:00:26,156.0,330.0,0.6475,80.28999999999999
462,130,126,96.92%,4,0:00:25,150.0,178.0,0.6589,85.65700000000001
463,139,139,100.00%,0,0:00:18,160.0,183.0,0.7754000000000001,107.7806
464,138,130,94.20%,8,0:00:26,147.0,112.0,0.6148,84.8424
465,125,119,95.20%,6,0:00:22,149.0,220.0,0.68,85.0
466,98,96,97.96%,2,0:00:20,156.0,173.0,0.7731999999999999,75.77359999999999
467,12,12,100.00%,0,0:00:18,187.0,96.0,0.8332999999999999,9.9996
468,119,117,98.32%,2,0:00:18,159.0,163.0,0.7815000000000001,92.9985
469,100,96,96.00%,4,0:00:21,157.0,165.0,0.76,76.0
470,146,133,91.10%,13,0:00:31,150.0,220.0,0.5775,84.315
471,131,127,96.95%,4,0:00:22,145.0,148.0,0.7265999999999999,95.18459999999999
472,107,104,97.20%,3,0:00:08,147.0,96.0,0.9245,98.9215
473,112,105,93.75%,7,0:00:24,158.0,268.0,0.6727,75.3424
474,21,21,100.00%,0,0:00:32,151.0,85.0,0.5238,10.9998
475,125,104,83.20%,21,0:00:37,164.0,165.0,0.44630000000000003,55.7875
476,35,34,97.14%,1,0:00:24,132.0,136.0,0.7429000000000001,26.001500000000004
477,121,109,90.08%,12,0:00:38,152.0,321.0,0.5378000000000001,65.0738
478,135,122,90.37%,13,0:00:32,154.0,188.0,0.5758,77.733
479,117,114,97.44%,3,0:00:22,158.0,147.0,0.7585999999999999,88.75619999999999
480,114,97,85.09%,17,0:00:39,170.0,496.0,0.45130000000000003,51.44820000000001
481,50,49,98.00%,1,0:00:35,175.0,142.0,0.52,26.0
482,207,198,95.65%,9,0:00:16,163.0,231.0,0.8049,166.6143
483,189,183,96.83%,6,0:00:21,151.0,238.0,0.7419,140.2191
484,162,156,96.30%,6,0:00:24,142.0,128.0,0.6646,107.6652
485,177,165,93.22%,12,0:00:26,151.0,230.0,0.6647,117.6519
486,177,167,94.35%,10,0:00:23,155.0,165.0,0.6897,122.0769
487,163,134,82.21%,29,0:00:38,162.0,436.0,0.47200000000000003,76.936
488,24,20,83.33%,4,0:00:26,203.0,136.0,0.6522,15.6528
489,146,139,95.21%,7,0:00:18,154.0,381.0,0.7585999999999999,110.75559999999999
490,143,141,98.60%,2,0:00:22,165.0,165.0,0.7203,103.00290000000001
491,132,122,92.42%,10,0:00:31,148.0,276.0,0.5649000000000001,74.56680000000001
492,137,130,94.89%,7,0:00:26,145.0,126.0,0.6444,88.2828
493,112,104,92.86%,8,0:00:43,157.0,247.0,0.40909999999999996,45.819199999999995
494,110,91,82.73%,19,0:00:50,158.0,312.0,0.36700000000000005,40.370000000000005
495,24,22,91.67%,2,0:00:32,134.0,286.0,0.5832999999999999,13.999199999999998
496,168,154,91.67%,14,0:00:36,164.0,232.0,0.494,82.992
497,146,116,79.45%,30,0:00:42,148.0,900.0,0.5493,80.1978
498,100,95,95.00%,5,0:00:31,158.0,173.0,0.57,56.99999999999999
499,144,131,90.97%,13,0:00:26,147.0,157.0,0.6357,91.5408
500,110,104,94.55%,6,0:00:24,146.0,142.0,0.6422,70.642
501,126,111,88.10%,15,0:00:31,158.0,276.0,0.528,66.528
502,24,24,100.00%,0,0:00:48,174.0,284.0,0.4167,10.0008
503,128,122,95.31%,6,0:00:35,179.0,162.0,0.5156000000000001,65.99680000000001
504,185,176,95.14%,9,0:00:27,143.0,305.0,0.6793,125.6705
505,136,114,83.82%,22,0:00:57,145.0,331.0,0.2879,39.154399999999995
506,130,116,89.23%,14,0:00:44,161.0,360.0,0.44439999999999996,57.772
507,103,101,98.06%,2,0:00:18,162.0,143.0,0.7745000000000001,79.77350000000001
508,99,89,89.90%,10,0:00:20,147.0,90.0,0.7368000000000001,72.94320000000002
509,26,24,92.31%,2,0:00:23,120.0,113.0,0.68,17.68
510,95,94,98.95%,1,0:00:21,151.0,214.0,0.7553,71.7535
511,136,131,96.32%,5,0:00:17,149.0,141.0,0.8106,110.2416
512,37,34,91.89%,3,0:00:41,131.0,346.0,0.6486,23.998199999999997
513,105,100,95.24%,5,0:00:22,150.0,132.0,0.7228,75.894
514,100,92,92.00%,8,0:00:30,147.0,275.0,0.6327,63.27
515,115,103,89.57%,12,0:00:44,166.0,275.0,0.37170000000000003,42.74550000000001
516,38,36,94.74%,2,0:00:39,176.0,174.0,0.5263,19.9994
517,108,95,87.96%,13,0:00:26,169.0,166.0,0.6381,68.9148
518,124,118,95.16%,6,0:00:23,151.0,181.0,0.7376999999999999,91.47479999999999
519,97,92,94.85%,5,0:00:25,156.0,143.0,0.6770999999999999,65.67869999999999
520,117,108,92.31%,9,0:00:37,106.0,243.0,0.4867,56.9439
521,34,31,91.18%,3,0:00:27,157.0,152.0,0.6470999999999999,22.001399999999997
522,53,50,94.34%,3,0:00:28,131.0,196.0,0.6604000000000001,35.001200000000004
523,29,23,79.31%,6,0:00:42,167.0,220.0,0.3214,9.3206
524,120,107,89.17%,13,0:00:34,159.0,201.0,0.4407,52.884
525,107,100,93.46%,7,0:00:33,153.0,128.0,0.5143,55.0301
526,173,159,91.91%,14,0:00:47,164.0,330.0,0.39409999999999995,68.1793
527,256,213,83.20%,43,0:00:44,165.0,318.0,0.41700000000000004,106.75200000000001
528,199,174,87.44%,25,0:00:36,155.0,275.0,0.5306000000000001,105.58940000000001
529,182,170,93.41%,12,0:00:40,164.0,207.0,0.4581,83.3742
530,42,41,97.62%,1,0:00:42,173.0,220.0,0.561,23.562
531,181,168,92.82%,13,0:00:34,155.0,163.0,0.5169,93.55890000000001
532,159,147,92.45%,12,0:00:30,156.0,279.0,0.5871,93.34889999999999
533,142,134,94.37%,8,0:00:26,170.0,110.0,0.6187,87.8554
534,194,163,84.02%,31,0:00:30,158.0,331.0,0.5104,99.01759999999999
535,235,210,89.36%,25,0:00:38,173.0,275.0,0.489,114.91499999999999
536,206,180,87.38%,26,0:00:51,167.0,423.0,0.3861,79.53659999999999
537,58,47,81.03%,11,0:00:48,156.0,275.0,0.4211,24.4238
538,212,194,91.51%,18,0:00:38,153.0,261.0,0.512,108.544
539,232,214,92.24%,18,0:00:34,156.0,330.0,0.5589999999999999,129.688
540,348,327,93.97%,21,0:00:32,148.0,440.0,0.5462,190.07760000000002
541,167,156,93.41%,11,0:00:32,163.0,177.0,0.5679,94.8393
542,167,157,94.01%,10,0:00:27,177.0,319.0,0.6748000000000001,112.69160000000001
543,166,161,96.99%,5,0:00:21,165.0,92.0,0.7333,121.72779999999999
544,32,28,87.50%,4,0:00:22,163.0,455.0,0.6452,20.6464
545,52,49,94.23%,3,0:00:32,178.0,182.0,0.6346,32.9992
546,154,149,96.75%,5,0:00:26,172.0,110.0,0.649,99.946
547,223,218,97.76%,5,0:00:18,127.0,120.0,0.8009000000000001,178.60070000000002
548,170,157,92.35%,13,0:00:17,184.0,385.0,0.7844,133.34799999999998
549,145,133,91.72%,12,0:00:26,176.0,219.0,0.6923,100.3835
550,144,138,95.83%,6,0:00:17,173.0,165.0,0.838,120.672
551,16,15,93.75%,1,0:00:17,180.0,165.0,0.6875,11.0
552,135,131,97.04%,4,0:00:20,157.0,120.0,0.7612000000000001,102.76200000000001
553,137,133,97.08%,4,0:00:24,169.0,166.0,0.6912,94.6944
554,149,144,96.64%,5,0:00:17,159.0,122.0,0.8276,123.3124
555,155,143,92.26%,12,0:00:16,161.0,385.0,0.8014,124.217
556,128,121,94.53%,7,0:00:19,175.0,275.0,0.7778,99.5584
557,134,125,93.28%,9,0:00:21,158.0,198.0,0.7252,97.1768
558,21,21,100.00%,0,0:00:23,157.0,170.0,0.7619,15.9999
559,150,138,92.00%,12,0:00:30,172.0,256.0,0.5867,88.005
560,163,158,96.93%,5,0:00:14,148.0,121.0,0.8199,133.6437
561,160,151,94.38%,9,0:00:12,159.0,177.0,0.8718,139.488
562,132,125,94.70%,7,0:00:30,166.0,227.0,0.6462,85.2984
563,131,126,96.18%,5,0:00:17,167.0,155.0,0.7829,102.5599
564,158,146,92.41%,12,0:00:21,162.0,220.0,0.7532,119.0056
565,19,16,84.21%,3,0:00:51,166.0,254.0,0.47369999999999995,9.0003
566,151,128,84.77%,23,0:00:52,150.0,338.0,0.37929999999999997,57.2743
567,139,128,92.09%,11,0:00:32,164.0,214.0,0.518,72.002
568,166,135,81.33%,31,0:00:41,160.0,309.0,0.465,77.19
569,258,196,75.97%,62,0:01:10,150.0,471.0,0.2429,62.6682
570,203,176,86.70%,27,0:00:40,150.0,549.0,0.44780000000000003,90.9034
571,182,162,89.01%,20,0:00:25,168.0,220.0,0.5943,108.16260000000001
572,18,17,94.44%,1,0:00:55,241.0,346.0,0.5,9.0
573,215,170,79.07%,45,0:00:55,169.0,446.0,0.43060000000000004,92.57900000000001
574,209,203,97.13%,6,0:00:25,162.0,220.0,0.7487999999999999,156.49919999999997
575,140,134,95.71%,6,0:00:20,179.0,201.0,0.7626000000000001,106.76400000000001
576,124,110,88.71%,14,0:00:15,176.0,496.0,0.8181999999999999,101.45679999999999
577,179,163,91.06%,16,0:00:23,164.0,257.0,0.7159,128.1461
578,163,161,98.77%,2,0:00:10,160.0,111.0,0.9440999999999999,153.8883
579,27,27,100.00%,0,0:00:05,168.0,19.0,1.0,27.0
580,182,175,96.15%,7,0:00:19,158.0,188.0,0.7989,145.3998
581,164,159,96.95%,5,0:00:11,143.0,388.0,0.9018,147.89520000000002
582,160,159,99.38%,1,0:00:05,160.0,58.0,0.9873999999999999,157.98399999999998
583,174,155,89.08%,19,0:00:16,161.0,399.0,0.7706000000000001,134.08440000000002
584,235,230,97.87%,5,0:00:05,147.0,110.0,0.9573999999999999,224.98899999999998
585,175,174,99.43%,1,0:00:04,146.0,113.0,0.9886,173.005
586,25,25,100.00%,0,0:00:04,195.0,55.0,0.96,24.0
587,170,167,98.24%,3,0:00:06,155.0,220.0,0.9408,159.936
588,187,168,89.84%,19,0:00:26,140.0,289.0,0.7043,131.7041
589,53,51,96.23%,2,0:00:06,149.0,110.0,0.8868,47.0004
590,121,117,96.69%,4,0:00:13,156.0,161.0,0.8583,103.8543
591,143,139,97.20%,4,0:00:05,146.0,116.0,0.9440999999999999,135.00629999999998
592,100,96,96.00%,4,0:00:06,148.0,110.0,0.9192,91.92
593,17,17,100.00%,0,0:00:08,175.0,59.0,0.8824,15.0008
594,113,110,97.35%,3,0:00:08,153.0,78.0,0.9018,101.9034
595,139,128,92.09%,11,0:00:13,158.0,220.0,0.8201,113.99390000000001
596,135,134,99.26%,1,0:00:04,154.0,110.0,0.9852,133.00199999999998
597,29,29,100.00%,0,0:00:15,193.0,89.0,0.7931,22.9999
598,120,116,96.67%,4,0:00:05,163.0,165.0,0.9582999999999999,114.996
599,115,108,93.91%,7,0:00:09,170.0,265.0,0.887,102.005
600,14,14,100.00%,0,0:00:14,137.0,74.0,0.7857,10.999799999999999
601,107,104,97.20%,3,0:00:07,149.0,58.0,0.9057,96.9099
602,137,128,93.43%,9,0:00:10,150.0,123.0,0.8529000000000001,116.84730000000002
603,106,105,99.06%,1,0:00:11,167.0,113.0,0.8584999999999999,91.00099999999999
604,116,108,93.10%,8,0:00:19,146.0,153.0,0.8406999999999999,97.5212
605,120,117,97.50%,3,0:00:09,157.0,65.0,0.9076000000000001,108.912
606,123,121,98.37%,2,0:00:07,147.0,115.0,0.9106000000000001,112.00380000000001
607,31,31,100.00%,0,0:00:03,138.0,3.0,1.0,31.0
608,140,139,99.29%,1,0:00:08,159.0,71.0,0.9214,128.996
609,168,161,95.83%,7,0:00:18,144.0,144.0,0.7365,123.73200000000001
610,146,144,98.63%,2,0:00:06,158.0,58.0,0.9448000000000001,137.94080000000002
611,110,106,96.36%,4,0:00:15,170.0,150.0,0.8,88.0
612,342,333,97.37%,9,0:00:15,130.0,159.0,0.8142,278.45640000000003
613,190,183,96.32%,7,0:00:16,152.0,119.0,0.7895,150.005
614,25,24,96.00%,1,0:00:06,142.0,48.0,0.9167000000000001,22.9175
615,169,162,95.86%,7,0:00:09,151.0,276.0,0.8916,150.6804
616,130,129,99.23%,1,0:00:11,150.0,112.0,0.8692,112.996
617,22,20,90.91%,2,0:00:09,195.0,110.0,0.9048,19.9056
618,5,5,100.00%,0,0:00:28,145.0,74.0,0.6,3.0
619,119,115,96.64%,4,0:00:11,148.0,110.0,0.8644,102.86359999999999
620,140,138,98.57%,2,0:00:09,137.0,131.0,0.9214,128.996
621,22,22,100.00%,0,0:00:06,141.0,48.0,0.9091,20.0002
622,126,124,98.41%,2,0:00:08,155.0,58.0,0.9440000000000001,118.944
623,122,111,90.98%,11,0:00:13,163.0,133.0,0.7768999999999999,94.78179999999999
624,113,108,95.58%,5,0:00:13,151.0,87.0,0.8288,93.6544
625,119,109,91.60%,10,0:00:17,156.0,315.0,0.8362,99.5078
626,134,119,88.81%,15,0:00:24,166.0,165.0,0.6343,84.9962
627,101,97,96.04%,4,0:00:16,153.0,98.0,0.77,77.77
628,20,20,100.00%,0,0:00:04,144.0,18.0,1.0,20.0
629,169,162,95.86%,7,0:00:17,152.0,331.0,0.8012,135.4028
630,137,133,97.08%,4,0:00:29,157.0,162.0,0.6204,84.9948
631,133,127,95.49%,6,0:00:18,159.0,276.0,0.8195,108.9935
632,184,179,97.28%,5,0:00:10,123.0,164.0,0.9056000000000001,166.6304
633,145,135,93.10%,10,0:00:21,155.0,190.0,0.7413,107.48849999999999
634,114,108,94.74%,6,0:00:14,151.0,153.0,0.8288,94.4832
635,24,23,95.83%,1,0:00:05,132.0,55.0,0.9582999999999999,22.9992
636,143,136,95.10%,7,0:00:09,152.0,330.0,0.8451000000000001,120.84930000000001
637,119,114,95.80%,5,0:00:08,142.0,79.0,0.9059999999999999,107.814
638,123,118,95.93%,5,0:00:21,166.0,164.0,0.7073,86.9979
639,145,141,97.24%,4,0:00:14,156.0,110.0,0.8332999999999999,120.82849999999999
640,108,106,98.15%,2,0:00:26,170.0,297.0,0.6822,73.6776
641,128,125,97.66%,3,0:00:13,165.0,102.0,0.8268000000000001,105.83040000000001
642,27,26,96.30%,1,0:00:20,171.0,160.0,0.8462000000000001,22.8474
643,155,151,97.42%,4,0:00:11,152.0,138.0,0.8961,138.8955
644,116,110,94.83%,6,0:00:18,143.0,167.0,0.75,87.0
645,117,111,94.87%,6,0:00:18,163.0,126.0,0.7652,89.5284
646,113,105,92.92%,8,0:00:31,157.0,220.0,0.5398,60.99739999999999
647,107,101,94.39%,6,0:00:23,164.0,191.0,0.7358,78.7306
648,146,141,96.58%,5,0:00:25,142.0,166.0,0.6575,95.99499999999999
649,29,26,89.66%,3,0:00:09,157.0,110.0,0.8571,24.8559
650,231,228,98.70%,3,0:00:15,129.0,206.0,0.8139,188.0109
651,239,215,89.96%,24,0:00:23,156.0,275.0,0.6667000000000001,159.34130000000002
652,174,154,88.51%,20,0:00:29,160.0,308.0,0.6131,106.6794
653,168,163,97.02%,5,0:00:21,169.0,165.0,0.7066,118.7088
654,135,128,94.81%,7,0:00:18,156.0,330.0,0.7259,97.9965
655,122,113,92.62%,9,0:00:30,169.0,220.0,0.6115999999999999,74.61519999999999
656,13,12,92.31%,1,0:00:24,165.0,72.0,0.6667000000000001,8.667100000000001
657,20,18,90.00%,2,0:00:23,163.0,164.0,0.7368000000000001,14.736000000000002
658,152,141,92.76%,11,0:00:22,161.0,269.0,0.7,106.39999999999999
659,132,131,99.24%,1,0:00:12,159.0,120.0,0.8702,114.8664
660,180,171,95.00%,9,0:00:21,171.0,159.0,0.7191,129.438
661,193,189,97.93%,4,0:00:13,155.0,146.0,0.8290000000000001,159.997
662,245,236,96.33%,9,0:00:13,164.0,140.0,0.8279000000000001,202.83550000000002
663,35,34,97.14%,1,0:00:11,131.0,104.0,0.8824,30.884
664,198,190,95.96%,8,0:00:12,158.0,82.0,0.8469,167.68619999999999
665,47,47,100.00%,0,0:00:06,129.0,57.0,0.9362,44.001400000000004
666,187,186,99.47%,1,0:00:07,150.0,165.0,0.9358,174.9946
667,57,54,94.74%,3,0:00:07,157.0,55.0,0.9107,51.9099
668,169,162,95.86%,7,0:00:09,159.0,110.0,0.8817,149.00730000000001
669,337,316,93.77%,21,0:00:23,133.0,317.0,0.7292000000000001,245.74040000000002
670,44,43,97.73%,1,0:00:09,155.0,110.0,0.8409,36.9996
671,210,206,98.10%,4,0:00:12,159.0,152.0,0.8708,182.868
672,190,186,97.89%,4,0:00:17,142.0,293.0,0.8412999999999999,159.84699999999998
673,190,182,95.79%,8,0:00:10,160.0,98.0,0.8703,165.357
674,169,168,99.41%,1,0:00:11,145.0,108.0,0.8817,149.00730000000001
675,52,50,96.15%,2,0:00:06,154.0,58.0,0.9216,47.9232
676,144,137,95.14%,7,0:00:14,156.0,176.0,0.7707999999999999,110.99519999999998
677,36,36,100.00%,0,0:00:15,173.0,101.0,0.8056,29.0016
678,155,148,95.48%,7,0:00:14,146.0,203.0,0.8129000000000001,125.99950000000001
679,159,154,96.86%,5,0:00:16,161.0,132.0,0.7862,125.00580000000001
680,115,110,95.65%,5,0:00:14,148.0,137.0,0.8319,95.6685
681,186,173,93.01%,13,0:00:19,159.0,164.0,0.7351000000000001,136.72860000000003
682,167,157,94.01%,10,0:00:23,152.0,169.0,0.6768000000000001,113.02560000000001
683,146,142,97.26%,4,0:00:22,162.0,119.0,0.669,97.674
684,41,31,75.61%,10,0:00:39,223.0,220.0,0.4878,19.9998
685,185,85,45.95%,100,0:01:49,166.0,661.0,0.038,7.03
686,149,83,55.70%,66,0:01:38,138.0,606.0,0.0483,7.196700000000001
687,180,115,63.89%,65,0:01:04,153.0,770.0,0.2386,42.948
688,173,144,83.24%,29,0:00:38,180.0,332.0,0.4647,80.3931
689,176,158,89.77%,18,0:00:20,153.0,315.0,0.7034999999999999,123.81599999999999
690,147,120,81.63%,27,0:00:46,159.0,256.0,0.3973,58.403099999999995
691,84,77,91.67%,7,0:00:17,127.0,270.0,0.7349,61.7316
692,325,78,24.00%,247,0:03:13,181.0,1047.0,0.0,0.0
693,441,103,23.36%,338,0:04:04,163.0,938.0,0.0023,1.0143
694,525,116,22.10%,409,0:05:08,188.0,1376.0,0.0,0.0
695,610,201,32.95%,409,0:03:13,172.0,1155.0,0.0352,21.472
696,427,282,66.04%,145,0:01:02,169.0,882.0,0.2488,106.2376
697,378,331,87.57%,47,0:00:43,157.0,330.0,0.4033,152.4474
698,80,67,83.75%,13,0:00:38,192.0,330.0,0.4625,37.0
699,356,320,89.89%,36,0:00:34,172.0,330.0,0.5256000000000001,187.11360000000002
700,409,355,86.80%,54,0:00:44,175.0,261.0,0.397,162.37300000000002
701,352,302,85.80%,50,0:00:41,183.0,349.0,0.474,166.84799999999998
702,282,239,84.75%,43,0:00:39,186.0,506.0,0.5107,144.0174
703,429,390,90.91%,39,0:00:38,161.0,220.0,0.44659999999999994,191.59139999999996
704,310,285,91.94%,25,0:00:33,165.0,252.0,0.5611,173.941
705,102,94,92.16%,8,0:00:29,160.0,168.0,0.6373,65.0046
706,335,297,88.66%,38,0:00:39,153.0,222.0,0.4364,146.19400000000002
707,313,291,92.97%,22,0:00:26,145.0,222.0,0.6429,201.2277
708,251,240,95.62%,11,0:00:24,162.0,165.0,0.672,168.672
709,190,176,92.63%,14,0:00:24,151.0,233.0,0.6772,128.668
710,188,170,90.43%,18,0:00:34,169.0,385.0,0.5323,100.0724
711,166,160,96.39%,6,0:00:15,160.0,165.0,0.8181999999999999,135.82119999999998
712,73,68,93.15%,5,0:00:15,133.0,148.0,0.7887000000000001,57.575100000000006
713,170,159,93.53%,11,0:00:20,160.0,291.0,0.7321,124.457
714,188,181,96.28%,7,0:00:23,159.0,181.0,0.6828,128.3664
715,306,262,85.62%,44,0:00:44,168.0,457.0,0.4633,141.7698
716,201,185,92.04%,16,0:00:23,158.0,166.0,0.6734,135.3534
717,188,184,97.87%,4,0:00:17,156.0,142.0,0.7926000000000001,149.0088
718,148,131,88.51%,17,0:00:31,171.0,216.0,0.5306000000000001,78.5288
719,21,17,80.95%,4,0:00:52,209.0,660.0,0.5238,10.9998
720,148,129,87.16%,19,0:00:40,181.0,416.0,0.45520000000000005,67.3696
721,167,154,92.22%,13,0:00:17,163.0,169.0,0.7349,122.7283
722,169,158,93.49%,11,0:00:16,156.0,104.0,0.75,126.75
723,175,163,93.14%,12,0:00:22,157.0,138.0,0.711,124.425
724,193,183,94.82%,10,0:00:16,169.0,168.0,0.8020999999999999,154.8053
725,154,144,93.51%,10,0:00:20,161.0,174.0,0.7351000000000001,113.20540000000001
726,35,34,97.14%,1,0:00:14,186.0,58.0,0.7714,26.999
727,172,161,93.60%,11,0:00:20,168.0,152.0,0.7209,123.9948
728,195,182,93.33%,13,0:00:24,171.0,190.0,0.6684,130.338
729,163,157,96.32%,6,0:00:17,166.0,333.0,0.8220999999999999,134.0023
730,134,126,94.03%,8,0:00:30,178.0,299.0,0.6357,85.1838
731,158,142,89.87%,16,0:00:25,165.0,176.0,0.5935,93.77300000000001
732,161,144,89.44%,17,0:00:34,169.0,300.0,0.5313,85.5393
733,36,34,94.44%,2,0:00:20,125.0,117.0,0.7222,25.9992
734,147,136,92.52%,11,0:00:17,175.0,195.0,0.7670999999999999,112.76369999999999
735,131,130,99.24%,1,0:00:18,167.0,198.0,0.7692,100.7652
736,128,120,93.75%,8,0:00:22,167.0,114.0,0.6825,87.36
737,136,119,87.50%,17,0:00:26,172.0,275.0,0.6015,81.804
738,225,209,92.89%,16,0:00:19,149.0,246.0,0.7602,171.045
739,167,151,90.42%,16,0:00:19,147.0,164.0,0.7333,122.46109999999999
740,48,46,95.83%,2,0:00:16,146.0,158.0,0.7872,37.7856
741,232,204,87.93%,28,0:00:32,142.0,236.0,0.5540999999999999,128.5512
742,198,187,94.44%,11,0:00:27,168.0,193.0,0.602,119.196
743,171,163,95.32%,8,0:00:19,161.0,168.0,0.6940999999999999,118.69109999999999
744,180,173,96.11%,7,0:00:31,169.0,493.0,0.7222,129.99599999999998
745,192,175,91.15%,17,0:00:26,181.0,220.0,0.6158,118.2336
746,194,180,92.78%,14,0:00:25,170.0,243.0,0.6839,132.67659999999998
747,37,27,72.97%,10,0:00:35,173.0,178.0,0.5,18.5
748,180,169,93.89%,11,0:00:23,164.0,125.0,0.6798000000000001,122.36400000000002
749,213,198,92.96%,15,0:00:16,167.0,381.0,0.7725,164.5425
750,251,239,95.22%,12,0:00:21,138.0,168.0,0.7177,180.1427
751,200,189,94.50%,11,0:00:19,173.0,276.0,0.7626000000000001,152.52
752,214,205,95.79%,9,0:00:25,168.0,437.0,0.7195999999999999,153.99439999999998
753,185,154,83.24%,31,0:00:47,176.0,196.0,0.3591,66.4335
754,49,46,93.88%,3,0:00:38,141.0,136.0,0.5207999999999999,25.519199999999998
755,193,185,95.85%,8,0:00:21,171.0,237.0,0.7579,146.2747
756,195,184,94.36%,11,0:00:22,159.0,158.0,0.7,136.5
757,211,195,92.42%,16,0:00:34,171.0,271.0,0.5694,120.1434
758,200,190,95.00%,10,0:00:15,176.0,186.0,0.8093,161.86
759,48,47,97.92%,1,0:00:15,193.0,178.0,0.8125,39.0
760,164,159,96.95%,5,0:00:20,171.0,287.0,0.7778,127.5592
761,43,42,97.67%,1,0:00:14,152.0,154.0,0.8371999999999999,35.9996
762,236,223,94.49%,13,0:00:26,166.0,218.0,0.6483,152.9988
763,270,262,97.04%,8,0:00:15,156.0,128.0,0.8321,224.66699999999997
764,304,262,86.18%,42,0:00:34,176.0,421.0,0.5661999999999999,172.12479999999996
765,286,270,94.41%,16,0:00:20,168.0,186.0,0.7148,204.4328
766,317,284,89.59%,33,0:00:30,168.0,496.0,0.6603,209.3151
767,471,396,84.08%,75,0:00:59,161.0,329.0,0.308,145.068
768,48,44,91.67%,4,0:00:29,151.0,187.0,0.6596,31.6608
769,375,317,84.53%,58,0:00:43,172.0,306.0,0.40869999999999995,153.2625
770,327,309,94.50%,18,0:00:22,168.0,226.0,0.6820999999999999,223.0467
771,366,316,86.34%,50,0:00:37,164.0,311.0,0.5374,196.6884
772,121,105,86.78%,16,0:00:47,180.0,521.0,0.6,72.6
773,287,266,92.68%,21,0:00:34,186.0,248.0,0.5972,171.3964
774,298,277,92.95%,21,0:00:39,188.0,215.0,0.5118,152.5164
775,70,56,80.00%,14,0:00:46,203.0,308.0,0.4571,31.997
776,287,255,88.85%,32,0:00:40,210.0,249.0,0.4681,134.34470000000002
777,298,259,86.91%,39,0:00:30,194.0,435.0,0.5797,172.7506
778,347,317,91.35%,30,0:00:30,191.0,352.0,0.5977,207.4019
779,414,356,85.99%,58,0:00:43,207.0,932.0,0.4715,195.201
780,406,362,89.16%,44,0:00:37,182.0,317.0,0.5347999999999999,217.12879999999998
781,366,322,87.98%,44,0:00:35,183.0,672.0,0.5706,208.8396
782,68,64,94.12%,4,0:00:14,178.0,124.0,0.8234999999999999,55.99799999999999
783,350,320,91.43%,30,0:00:37,193.0,339.0,0.5418,189.63
784,437,352,80.55%,85,0:00:52,181.0,573.0,0.41259999999999997,180.3062
785,484,438,90.50%,46,0:00:45,177.0,347.0,0.44789999999999996,216.78359999999998
786,405,368,90.86%,37,0:00:35,189.0,341.0,0.581,235.30499999999998
787,570,368,64.56%,202,0:01:11,204.0,1551.0,0.2354,134.178
788,424,384,90.57%,40,0:00:49,194.0,536.0,0.39520000000000005,167.56480000000002
789,60,57,95.00%,3,0:00:32,199.0,180.0,0.5593,33.558
790,497,442,88.93%,55,0:00:48,96.0,645.0,0.5758,286.1726
791,429,378,88.11%,51,0:00:37,125.0,655.0,0.5529,237.19409999999996
792,499,388,77.76%,111,0:00:54,135.0,1019.0,0.47759999999999997,238.3224
793,510,434,85.10%,76,0:00:48,209.0,621.0,0.4219,215.169
794,549,458,83.42%,91,0:01:13,215.0,552.0,0.2907,159.5943
795,590,444,75.25%,146,0:01:23,214.0,538.0,0.19030000000000002,112.27700000000002
796,137,120,87.59%,17,0:00:58,191.0,322.0,0.3309,45.3333
797,598,476,79.60%,122,0:00:58,219.0,525.0,0.32030000000000003,191.53940000000003
798,231,180,77.92%,51,0:01:04,213.0,547.0,0.3378,78.0318
799,724,362,50.00%,362,0:02:01,235.0,738.0,0.1166,84.41839999999999
800,732,367,50.14%,365,0:02:48,172.0,998.0,0.0809,59.2188
801,582,301,51.72%,281,0:02:41,253.0,1302.0,0.1208,70.3056
802,621,344,55.39%,277,0:02:07,209.0,744.0,0.1447,89.8587
803,116,106,91.38%,10,0:00:34,263.0,284.0,0.6293,72.9988
804,533,300,56.29%,233,0:02:12,243.0,744.0,0.1255,66.8915
805,416,322,77.40%,94,0:01:04,214.0,372.0,0.3859,160.5344
806,415,259,62.41%,156,0:02:10,237.0,818.0,0.1789,74.2435
807,433,289,66.74%,144,0:01:42,208.0,792.0,0.22949999999999998,99.37349999999999
808,454,284,62.56%,170,0:01:53,214.0,1162.0,0.2444,110.9576
809,244,195,79.92%,49,0:01:25,231.0,682.0,0.3667,89.4748
810,51,48,94.12%,3,0:00:14,206.0,201.0,0.8431000000000001,42.9981
811,202,176,87.13%,26,0:00:24,222.0,328.0,0.6716,135.6632
812,128,118,92.19%,10,0:00:30,222.0,473.0,0.7402,94.7456
813,102,100,98.04%,2,0:00:14,212.0,189.0,0.8529000000000001,86.99580000000002
814,201,169,84.08%,32,0:00:32,205.0,372.0,0.5808,116.7408
815,261,195,74.71%,66,0:01:01,207.0,475.0,0.37979999999999997,99.1278
816,201,173,86.07%,28,0:00:41,195.0,410.0,0.595,119.595
817,64,61,95.31%,3,0:00:09,195.0,143.0,0.9206,58.9184
818,200,168,84.00%,32,0:00:51,203.0,406.0,0.4874,97.48
819,158,148,93.67%,10,0:00:30,197.0,248.0,0.5669,89.5702
820,174,155,89.08%,19,0:00:26,181.0,310.0,0.6235,108.489
821,67,64,95.52%,3,0:00:26,211.0,298.0,0.7121,47.710699999999996
822,24,23,95.83%,1,0:00:23,170.0,121.0,0.75,18.0
823,106,92,86.79%,14,0:00:44,183.0,304.0,0.45630000000000004,48.3678
824,52,50,96.15%,2,0:00:11,199.0,84.0,0.8845999999999999,45.999199999999995
825,223,203,91.03%,20,0:00:31,198.0,251.0,0.621,138.483
826,274,233,85.04%,41,0:00:48,207.0,310.0,0.36060000000000003,98.80440000000002
827,280,263,93.93%,17,0:00:23,193.0,230.0,0.6764,189.392
828,534,468,87.64%,66,0:00:30,166.0,279.0,0.5747,306.8898
829,315,300,95.24%,15,0:00:24,191.0,170.0,0.7023,221.2245
830,122,113,92.62%,9,0:00:20,178.0,139.0,0.7667,93.5374
831,63,60,95.24%,3,0:00:21,171.0,172.0,0.7419,46.7397
832,402,368,91.54%,34,0:00:32,187.0,186.0,0.5418,217.8036
833,413,370,89.59%,43,0:00:29,190.0,202.0,0.5842,241.27460000000002
834,389,346,88.95%,43,0:00:36,201.0,310.0,0.4987,193.99429999999998
835,495,308,62.22%,187,0:01:31,205.0,995.0,0.1856,91.872
836,712,340,47.75%,372,0:02:00,206.0,985.0,0.1226,87.2912
837,1057,602,56.95%,455,0:01:44,153.0,744.0,0.1149,121.44930000000001
838,620,321,51.77%,299,0:02:42,193.0,994.0,0.10869999999999999,67.39399999999999
839,1575,871,55.30%,704,0:01:32,153.0,1365.0,0.1393,219.3975
840,1349,775,57.45%,574,0:01:46,190.0,953.0,0.1216,164.0384
841,999,454,45.45%,545,0:02:48,194.0,804.0,0.0407,40.6593
842,968,547,56.51%,421,0:02:26,198.0,853.0,0.11710000000000001,113.35280000000002
843,1066,453,42.50%,613,0:05:04,219.0,1357.0,0.022400000000000003,23.878400000000003
844,788,633,80.33%,155,0:01:13,203.0,746.0,0.20879999999999999,164.53439999999998
845,252,213,84.52%,39,0:00:53,211.0,497.0,0.44079999999999997,111.0816
846,842,625,74.23%,217,0:01:11,190.0,868.0,0.2693,226.7506
847,847,722,85.24%,125,0:00:54,184.0,485.0,0.33490000000000003,283.6603
848,800,615,76.88%,185,0:01:07,205.0,444.0,0.2398,191.84
849,1100,823,74.82%,277,0:01:08,198.0,931.0,0.2965,326.15
850,1242,909,73.19%,333,0:01:23,184.0,671.0,0.19,235.98
851,732,460,62.84%,272,0:01:31,192.0,629.0,0.17920000000000003,131.17440000000002
852,112,104,92.86%,8,0:00:34,201.0,253.0,0.5636,63.1232
853,482,434,90.04%,48,0:00:41,181.0,661.0,0.4744,228.6608
854,570,484,84.91%,86,0:00:51,187.0,708.0,0.369,210.32999999999998
855,490,398,81.22%,92,0:00:50,197.0,1304.0,0.361,176.89
856,462,311,67.32%,151,0:01:11,197.0,530.0,0.2634,121.69080000000001
857,428,373,87.15%,55,0:00:40,178.0,421.0,0.506,216.568
858,393,312,79.39%,81,0:01:02,196.0,496.0,0.314,123.402
859,58,50,86.21%,8,0:00:29,184.0,186.0,0.6724,38.9992
860,316,279,88.29%,37,0:00:40,178.0,211.0,0.4416,139.5456
861,298,274,91.95%,24,0:00:30,179.0,182.0,0.5578,166.2244
862,308,275,89.29%,33,0:00:40,176.0,414.0,0.5163,159.0204
863,259,242,93.44%,17,0:00:16,174.0,249.0,0.7826000000000001,202.69340000000003
864,464,391,84.27%,73,0:00:55,211.0,313.0,0.35450000000000004,164.48800000000003
865,302,275,91.06%,27,0:00:30,182.0,594.0,0.5604,169.2408
866,47,45,95.74%,2,0:00:12,161.0,157.0,0.8511,40.0017
867,293,279,95.22%,14,0:00:22,173.0,177.0,0.6747,197.6871
868,245,225,91.84%,20,0:00:18,175.0,251.0,0.7354999999999999,180.1975
869,295,227,76.95%,68,0:00:48,199.0,342.0,0.44789999999999996,132.13049999999998
870,205,196,95.61%,9,0:00:20,186.0,310.0,0.7365999999999999,151.003
871,249,215,86.35%,34,0:00:40,178.0,1491.0,0.46090000000000003,114.76410000000001
872,236,213,90.25%,23,0:00:26,194.0,234.0,0.6335999999999999,149.5296
873,39,39,100.00%,0,0:00:14,150.0,147.0,0.8718,34.0002
874,208,194,93.27%,14,0:00:17,174.0,179.0,0.7696,160.0768
875,39,38,97.44%,1,0:00:04,141.0,62.0,0.9487000000000001,36.999300000000005
876,115,110,95.65%,5,0:00:08,166.0,252.0,0.9043000000000001,103.99450000000002
877,338,308,91.12%,30,0:00:27,170.0,251.0,0.631,213.278
878,404,320,79.21%,84,0:00:45,178.0,713.0,0.5139,207.6156
879,436,393,90.14%,43,0:00:26,171.0,373.0,0.6526000000000001,284.53360000000004
880,73,72,98.63%,1,0:00:07,166.0,103.0,0.9315000000000001,67.99950000000001
881,521,492,94.43%,29,0:00:17,165.0,203.0,0.7894,411.2774
882,648,564,87.04%,84,0:00:27,166.0,325.0,0.6136,397.61280000000005
883,729,592,81.21%,137,0:00:55,173.0,449.0,0.3583,261.2007
884,1196,718,60.03%,478,0:01:52,189.0,666.0,0.1462,174.8552
885,436,323,74.08%,113,0:00:44,182.0,372.0,0.4375,190.75
886,191,178,93.19%,13,0:00:16,171.0,248.0,0.8053,153.8123
887,68,68,100.00%,0,0:00:05,176.0,99.0,0.9853000000000001,67.0004
888,498,429,86.14%,69,0:00:34,189.0,252.0,0.5071,252.5358
889,358,329,91.90%,29,0:00:21,183.0,135.0,0.6695,239.68099999999998
890,340,302,88.82%,38,0:00:24,170.0,310.0,0.6567000000000001,223.27800000000002
891,322,306,95.03%,16,0:00:16,159.0,377.0,0.7774,250.3228
892,296,282,95.27%,14,0:00:18,157.0,165.0,0.7653,226.5288
893,264,234,88.64%,30,0:00:20,154.0,294.0,0.6988,184.48319999999998
894,52,51,98.08%,1,0:00:06,156.0,65.0,0.9412,48.9424
895,266,264,99.25%,2,0:00:09,159.0,121.0,0.9098,242.00680000000003
896,242,238,98.35%,4,0:00:09,165.0,150.0,0.9046,218.9132
897,241,228,94.61%,13,0:00:19,168.0,368.0,0.7958,191.78779999999998
898,279,269,96.42%,10,0:00:08,163.0,187.0,0.9129999999999999,254.72699999999998
899,73,72,98.63%,1,0:00:08,184.0,130.0,0.9178000000000001,66.99940000000001
900,226,218,96.46%,8,0:00:08,174.0,167.0,0.9186,207.6036
901,43,42,97.67%,1,0:00:11,158.0,77.0,0.8371999999999999,35.9996
902,311,255,81.99%,56,0:00:45,175.0,290.0,0.4718,146.7298
903,251,210,83.67%,41,0:00:26,174.0,558.0,0.6352,159.4352
904,339,313,92.33%,26,0:00:12,122.0,401.0,0.8209000000000001,278.2851
905,323,261,80.80%,62,0:00:41,177.0,567.0,0.5399,174.38770000000002
906,289,265,91.70%,24,0:00:11,180.0,342.0,0.8327,240.6503
907,310,281,90.65%,29,0:00:15,161.0,177.0,0.7912,245.272
908,33,31,93.94%,2,0:00:14,173.0,127.0,0.8484999999999999,28.0005
909,346,318,91.91%,28,0:00:12,156.0,212.0,0.8249,285.4154
910,325,285,87.69%,40,0:00:32,165.0,579.0,0.6082,197.665
911,627,504,80.38%,123,0:00:37,200.0,1182.0,0.5693,356.9511
912,905,631,69.72%,274,0:01:23,222.0,724.0,0.2568,232.40399999999997
913,1141,610,53.46%,531,0:01:46,192.0,1551.0,0.14550000000000002,166.01550000000003
914,863,511,59.21%,352,0:02:07,183.0,943.0,0.1213,104.6819
915,63,56,88.89%,7,0:00:16,151.0,248.0,0.7097,44.7111
916,573,487,84.99%,86,0:00:56,165.0,343.0,0.34990000000000004,200.4927
917,391,323,82.61%,68,0:00:46,188.0,496.0,0.42710000000000004,166.9961
918,526,355,67.49%,171,0:01:29,230.0,1127.0,0.22399999999999998,117.82399999999998
919,343,309,90.09%,34,0:00:39,204.0,310.0,0.4882,167.45260000000002
920,401,346,86.28%,55,0:00:41,193.0,310.0,0.44270000000000004,177.52270000000001
921,281,239,85.05%,42,0:00:41,187.0,200.0,0.4255,119.5655
922,46,39,84.78%,7,0:00:11,189.0,249.0,0.8043,36.9978
923,357,323,90.48%,34,0:00:32,188.0,434.0,0.6091,217.4487
924,280,255,91.07%,25,0:00:34,182.0,211.0,0.529,148.12
925,258,247,95.74%,11,0:00:25,177.0,252.0,0.7020000000000001,181.116
926,282,255,90.43%,27,0:00:18,167.0,249.0,0.7473000000000001,210.73860000000002
927,253,240,94.86%,13,0:00:18,161.0,371.0,0.752,190.256
928,266,232,87.22%,34,0:00:37,169.0,371.0,0.5759000000000001,153.18940000000003
929,30,29,96.67%,1,0:00:10,201.0,49.0,0.9,27.0
930,258,230,89.15%,28,0:00:33,181.0,254.0,0.5354,138.1332
931,293,282,96.25%,11,0:00:23,159.0,158.0,0.7023999999999999,205.80319999999998
932,377,341,90.45%,36,0:00:20,141.0,189.0,0.6828,257.4156
933,196,182,92.86%,14,0:00:28,157.0,174.0,0.6186,121.24560000000001
934,192,173,90.10%,19,0:00:33,164.0,399.0,0.6178,118.61760000000001
935,185,178,96.22%,7,0:00:17,166.0,189.0,0.7772,143.782
936,27,25,92.59%,2,0:00:18,129.0,187.0,0.7406999999999999,19.9989
937,222,214,96.40%,8,0:00:18,177.0,372.0,0.7465999999999999,165.74519999999998
938,217,198,91.24%,19,0:00:09,163.0,177.0,0.8883,192.7611
939,204,197,96.57%,7,0:00:17,160.0,230.0,0.797,162.58800000000002
940,191,181,94.76%,10,0:00:12,166.0,284.0,0.8723000000000001,166.60930000000002
941,176,157,89.20%,19,0:00:17,171.0,248.0,0.7353000000000001,129.4128
942,176,163,92.61%,13,0:00:24,191.0,187.0,0.6416,112.92159999999998
943,26,26,100.00%,0,0:00:24,183.0,117.0,0.6923,17.9998
944,170,167,98.24%,3,0:00:16,167.0,128.0,0.7940999999999999,134.99699999999999
945,154,147,95.45%,7,0:00:21,182.0,227.0,0.7515999999999999,115.7464
946,165,152,92.12%,13,0:00:17,178.0,220.0,0.8075,133.2375
947,153,143,93.46%,10,0:00:19,185.0,195.0,0.7763,118.7739
948,175,169,96.57%,6,0:00:11,137.0,132.0,0.8563,149.8525
949,241,214,88.80%,27,0:00:29,180.0,873.0,0.6623,159.6143
950,14,14,100.00%,0,0:00:16,166.0,87.0,0.8571,11.9994
951,57,55,96.49%,2,0:00:12,155.0,127.0,0.8595999999999999,48.99719999999999
952,954,644,67.51%,310,0:01:14,125.0,672.0,0.2633,251.18819999999997
953,374,344,91.98%,30,0:00:28,183.0,532.0,0.6185,231.31900000000002
954,265,245,92.45%,20,0:00:31,185.0,201.0,0.5670000000000001,150.25500000000002
955,222,205,92.34%,17,0:00:20,192.0,130.0,0.7269,161.3718
956,203,192,94.58%,11,0:00:27,184.0,247.0,0.6866,139.3798
957,33,31,93.94%,2,0:00:29,135.0,343.0,0.7813,25.7829
958,220,195,88.64%,25,0:00:28,165.0,186.0,0.5962,131.164
959,185,177,95.68%,8,0:00:16,153.0,188.0,0.8011,148.20350000000002
960,203,172,84.73%,31,0:00:34,173.0,306.0,0.5279,107.1637
961,218,193,88.53%,25,0:00:34,178.0,454.0,0.6197,135.0946
962,204,194,95.10%,10,0:00:16,172.0,186.0,0.8131,165.8724
963,242,211,87.19%,31,0:00:44,177.0,368.0,0.47700000000000004,115.43400000000001
964,29,29,100.00%,0,0:00:08,160.0,44.0,0.8966,26.0014
965,171,163,95.32%,8,0:00:24,178.0,199.0,0.6923,118.3833
966,190,166,87.37%,24,0:00:46,179.0,560.0,0.4225,80.27499999999999
967,221,196,88.69%,25,0:00:33,177.0,325.0,0.5367000000000001,118.61070000000001
968,297,241,81.14%,56,0:00:49,191.0,412.0,0.4483,133.14509999999999
969,233,214,91.85%,19,0:00:26,169.0,233.0,0.625,145.625
970,198,191,96.46%,7,0:00:14,181.0,129.0,0.8273999999999999,163.8252
971,15,15,100.00%,0,0:00:04,199.0,14.0,1.0,15.0
972,27,25,92.59%,2,0:00:08,154.0,124.0,0.8889,24.0003
973,7,6,85.71%,1,0:00:03,288.0,31.0,0.8571,5.9997
974,169,144,85.21%,25,0:00:33,156.0,511.0,0.5636,95.2484
975,224,206,91.96%,18,0:00:20,155.0,146.0,0.7071999999999999,158.41279999999998
976,170,160,94.12%,10,0:00:28,181.0,310.0,0.6235,105.995
977,161,149,92.55%,12,0:00:24,188.0,154.0,0.6812999999999999,109.68929999999999
978,37,35,94.59%,2,0:00:12,168.0,63.0,0.8056,29.807199999999998
979,183,169,92.35%,14,0:00:32,178.0,268.0,0.5989,109.5987
980,221,206,93.21%,15,0:00:30,174.0,263.0,0.5818,128.5778
981,202,193,95.54%,9,0:00:18,173.0,168.0,0.7537999999999999,152.2676
982,193,163,84.46%,30,0:00:36,192.0,312.0,0.534,103.06200000000001
983,201,196,97.51%,5,0:00:10,163.0,152.0,0.89,178.89000000000001
984,193,180,93.26%,13,0:00:21,162.0,197.0,0.7315999999999999,141.19879999999998
985,27,25,92.59%,2,0:00:25,123.0,127.0,0.6667000000000001,18.0009
986,227,206,90.75%,21,0:00:29,181.0,266.0,0.6667000000000001,151.3409
987,225,199,88.44%,26,0:00:35,178.0,319.0,0.5268,118.53000000000002
988,204,193,94.61%,11,0:00:33,159.0,321.0,0.5882000000000001,119.99280000000002
989,221,194,87.78%,27,0:00:29,168.0,305.0,0.6073,134.21329999999998
990,172,154,89.53%,18,0:00:34,189.0,186.0,0.5417000000000001,93.17240000000001
991,161,150,93.17%,11,0:00:36,171.0,353.0,0.528,85.00800000000001
992,17,14,82.35%,3,0:00:47,188.0,172.0,0.4118,7.0006
993,168,145,86.31%,23,0:00:38,177.0,248.0,0.5061,85.0248
994,160,142,88.75%,18,0:00:33,164.0,558.0,0.5414,86.624
995,185,159,85.95%,26,0:00:41,176.0,343.0,0.42700000000000005,78.995
996,155,146,94.19%,9,0:00:28,169.0,207.0,0.6516,100.99799999999999
997,188,172,91.49%,16,0:00:28,159.0,184.0,0.5978,112.3864
998,152,120,78.95%,32,0:00:29,174.0,395.0,0.5306000000000001,80.65120000000002
999,26,26,100.00%,0,0:00:17,181.0,78.0,0.8077,21.0002
1000,152,140,92.11%,12,0:00:21,178.0,400.0,0.7067,107.4184
1001,130,125,96.15%,5,0:00:08,159.0,62.0,0.92,119.60000000000001
1002,191,187,97.91%,4,0:00:18,153.0,173.0,0.8306999999999999,158.66369999999998
1003,254,227,89.37%,27,0:00:33,177.0,275.0,0.5657,143.68779999999998
1004,213,188,88.26%,25,0:00:30,172.0,310.0,0.5481,116.7453
1005,176,151,85.80%,25,0:00:32,165.0,372.0,0.5575,98.12
1006,61,59,96.72%,2,0:00:16,91.0,186.0,0.8033,49.0013
1007,166,154,92.77%,12,0:00:28,176.0,196.0,0.6182,102.6212
1008,191,172,90.05%,19,0:00:21,160.0,203.0,0.7376999999999999,140.90069999999997
1009,171,157,91.81%,14,0:00:19,154.0,127.0,0.7262000000000001,124.18020000000001
1010,153,124,81.05%,29,0:00:50,184.0,361.0,0.4533,69.3549
1011,183,158,86.34%,25,0:00:33,172.0,310.0,0.5191,94.9953
1012,14,14,100.00%,0,0:00:15,223.0,92.0,0.8571,11.9994
1013,18,18,100.00%,0,0:00:03,176.0,6.0,1.0,18.0
1014,159,148,93.08%,11,0:00:22,156.0,195.0,0.6943,110.39370000000001
1015,143,134,93.71%,9,0:00:22,171.0,310.0,0.741,105.963
1016,195,175,89.74%,20,0:00:29,167.0,251.0,0.6158,120.081
1017,194,150,77.32%,44,0:00:37,167.0,257.0,0.47340000000000004,91.8396
1018,390,362,92.82%,28,0:00:31,170.0,346.0,0.5948,231.972
1019,238,205,86.13%,33,0:00:29,138.0,310.0,0.6087,144.8706
1020,29,28,96.55%,1,0:00:09,148.0,65.0,0.8929,25.8941
1021,30,29,96.67%,1,0:00:19,150.0,151.0,0.8332999999999999,24.999
1022,287,273,95.12%,14,0:00:16,140.0,186.0,0.79,226.73000000000002
1023,474,380,80.17%,94,0:00:39,128.0,478.0,0.4742,224.7708
1024,277,230,83.03%,47,0:00:40,172.0,373.0,0.4618,127.9186
1025,173,163,94.22%,10,0:00:17,166.0,164.0,0.7719,133.5387
1026,167,152,91.02%,15,0:00:13,157.0,310.0,0.8415,140.53050000000002
1027,27,24,88.89%,3,0:00:20,125.0,223.0,0.7692,20.7684
1028,173,153,88.44%,20,0:00:29,166.0,186.0,0.5799,100.3227
1029,36,27,75.00%,9,0:00:36,175.0,237.0,0.4167,15.0012
1030,186,171,91.94%,15,0:00:27,169.0,208.0,0.6448,119.93280000000001
1031,160,149,93.13%,11,0:00:23,167.0,292.0,0.7404999999999999,118.47999999999999
1032,233,215,92.27%,18,0:00:22,154.0,488.0,0.7412000000000001,172.69960000000003
1033,162,157,96.91%,5,0:00:13,152.0,310.0,0.8271999999999999,134.00639999999999
1034,27,24,88.89%,3,0:00:18,130.0,231.0,0.7037,18.9999
1035,168,155,92.26%,13,0:00:26,198.0,188.0,0.6487999999999999,108.99839999999999
1036,328,301,91.77%,27,0:00:23,149.0,419.0,0.6790999999999999,222.74479999999997
1037,234,208,88.89%,26,0:00:20,164.0,318.0,0.7225,169.065
1038,37,34,91.89%,3,0:00:14,136.0,224.0,0.8378,30.9986
1039,185,167,90.27%,18,0:00:18,163.0,372.0,0.7351000000000001,135.9935
1040,139,132,94.96%,7,0:00:10,177.0,208.0,0.8832,122.7648
1041,13,11,84.62%,2,0:00:46,127.0,155.0,0.4167,5.4171000000000005
1042,161,152,94.41%,9,0:00:23,148.0,172.0,0.6962,112.0882
1043,149,144,96.64%,5,0:00:15,166.0,181.0,0.8311,123.83389999999999
1044,178,167,93.82%,11,0:00:22,162.0,324.0,0.7486,133.2508
1045,224,210,93.75%,14,0:00:21,180.0,287.0,0.7252,162.4448
1046,277,273,98.56%,4,0:00:10,120.0,123.0,0.8974,248.5798
1047,188,172,91.49%,16,0:00:20,161.0,216.0,0.7219,135.7172
1048,26,22,84.62%,4,0:00:34,143.0,378.0,0.68,17.68
1049,177,167,94.35%,10,0:00:35,176.0,195.0,0.5625,99.5625
1050,149,144,96.64%,5,0:00:28,167.0,228.0,0.6622,98.6678
1051,147,147,100.00%,0,0:00:11,171.0,123.0,0.8571,125.99369999999999
1052,140,134,95.71%,6,0:00:19,164.0,499.0,0.7857,109.99799999999999
1053,177,163,92.09%,14,0:00:19,155.0,436.0,0.7570999999999999,134.00669999999997
1054,169,169,100.00%,0,0:00:09,165.0,65.0,0.8994,151.9986
1055,26,21,80.77%,5,0:00:27,148.0,124.0,0.48,12.48
1056,147,140,95.24%,7,0:00:12,168.0,131.0,0.8552,125.7144
1057,127,122,96.06%,5,0:00:21,168.0,127.0,0.7087,90.0049
1058,141,135,95.74%,6,0:00:17,147.0,248.0,0.7801,109.9941
1059,208,181,87.02%,27,0:00:38,159.0,248.0,0.4902,101.9616
1060,178,163,91.57%,15,0:00:33,174.0,298.0,0.5479999999999999,97.54399999999998
1061,198,190,95.96%,8,0:00:25,152.0,142.0,0.6701,132.6798
1062,21,17,80.95%,4,0:00:44,211.0,277.0,0.47619999999999996,10.0002
1063,171,161,94.15%,10,0:00:16,155.0,374.0,0.8144,139.2624
1064,200,196,98.00%,4,0:00:09,171.0,121.0,0.9192,183.84
1065,166,157,94.58%,9,0:00:24,160.0,114.0,0.6463,107.2858
1066,230,217,94.35%,13,0:00:27,159.0,123.0,0.5721,131.583
1067,174,168,96.55%,6,0:00:24,177.0,174.0,0.6959000000000001,121.08660000000002
1068,240,185,77.08%,55,0:01:00,182.0,300.0,0.2979,71.496
1069,35,27,77.14%,8,0:00:48,176.0,233.0,0.43329999999999996,15.165499999999998
1070,198,179,90.40%,19,0:00:27,161.0,580.0,0.601,118.99799999999999
1071,189,181,95.77%,8,0:00:19,179.0,164.0,0.7143,135.0027
1072,229,219,95.63%,10,0:00:30,195.0,385.0,0.5921,135.5909
1073,254,235,92.52%,19,0:00:27,176.0,232.0,0.5968,151.5872
1074,584,521,89.21%,63,0:00:29,136.0,261.0,0.583,340.472
1075,564,551,97.70%,13,0:00:12,100.0,106.0,0.8395999999999999,473.53439999999995
1076,150,149,99.33%,1,0:00:10,100.0,131.0,0.8933,133.995
1077,521,499,95.78%,22,0:00:23,96.0,184.0,0.7093,369.5453
1078,330,309,93.64%,21,0:00:21,199.0,392.0,0.6954,229.482
1079,298,288,96.64%,10,0:00:13,200.0,243.0,0.8475,252.555
1080,294,287,97.62%,7,0:00:14,208.0,199.0,0.8225,241.815
1081,261,253,96.93%,8,0:00:10,183.0,348.0,0.8996,234.79559999999998
1082,223,210,94.17%,13,0:00:16,187.0,323.0,0.8009000000000001,178.60070000000002
1083,59,58,98.31%,1,0:00:21,221.0,192.0,0.7458,44.0022
1084,340,327,96.18%,13,0:00:21,115.0,226.0,0.7761,263.874
1085,287,280,97.56%,7,0:00:13,185.0,116.0,0.8432,241.99839999999998
1086,269,257,95.54%,12,0:00:16,184.0,229.0,0.8201999999999999,220.63379999999998
1087,270,261,96.67%,9,0:00:12,186.0,269.0,0.8587,231.84900000000002
1088,285,273,95.79%,12,0:00:12,194.0,173.0,0.8536,243.276
1089,251,229,91.24%,22,0:00:22,179.0,186.0,0.7306,183.38060000000002
1090,47,47,100.00%,0,0:00:13,183.0,89.0,0.8723000000000001,40.9981
1091,233,225,96.57%,8,0:00:13,182.0,117.0,0.8472,197.39759999999998
1092,257,248,96.50%,9,0:00:14,194.0,222.0,0.8340000000000001,214.33800000000002
1093,245,234,95.51%,11,0:00:11,181.0,116.0,0.8595,210.57750000000001
1094,267,265,99.25%,2,0:00:05,179.0,73.0,0.9736,259.95120000000003
1095,231,224,96.97%,7,0:00:11,176.0,174.0,0.8658,199.9998
1096,236,226,95.76%,10,0:00:19,184.0,186.0,0.75,177.0
1097,81,78,96.30%,3,0:00:11,177.0,58.0,0.8125,65.8125
1098,281,273,97.15%,8,0:00:11,182.0,201.0,0.8848999999999999,248.65689999999998
1099,399,387,96.99%,12,0:00:11,171.0,145.0,0.8636,344.57640000000004
1100,291,287,98.63%,4,0:00:11,156.0,218.0,0.8797,255.9927
1101,290,281,96.90%,9,0:00:07,183.0,60.0,0.9164,265.756
1102,230,227,98.70%,3,0:00:08,186.0,72.0,0.9167000000000001,210.841
1103,236,216,91.53%,20,0:00:17,189.0,174.0,0.7069,166.8284
1104,45,44,97.78%,1,0:00:05,165.0,116.0,0.9333,41.9985
1105,249,238,95.58%,11,0:00:11,162.0,118.0,0.8653,215.4597
1106,350,328,93.71%,22,0:00:28,151.0,148.0,0.5826,203.91
1107,361,306,84.76%,55,0:00:27,146.0,401.0,0.6017,217.21370000000002
1108,262,256,97.71%,6,0:00:13,170.0,174.0,0.8615,225.71300000000002
1109,302,288,95.36%,14,0:00:21,176.0,179.0,0.711,214.72199999999998
1110,299,268,89.63%,31,0:00:28,169.0,178.0,0.5540999999999999,165.67589999999998
1111,50,49,98.00%,1,0:00:24,175.0,128.0,0.76,38.0
1112,285,273,95.79%,12,0:00:21,169.0,210.0,0.7615999999999999,217.05599999999998
1113,77,75,97.40%,2,0:00:09,163.0,130.0,0.9211,70.9247
1114,332,321,96.69%,11,0:00:17,178.0,214.0,0.8066,267.7912
1115,282,266,94.33%,16,0:00:22,190.0,492.0,0.7429000000000001,209.49780000000004
1116,256,248,96.88%,8,0:00:14,180.0,232.0,0.8234999999999999,210.81599999999997
1117,177,176,99.44%,1,0:00:12,157.0,105.0,0.8351999999999999,147.8304
1118,27,24,88.89%,3,0:00:13,135.0,68.0,0.7406999999999999,19.9989
1119,307,305,99.35%,2,0:00:09,181.0,102.0,0.9179999999999999,281.82599999999996
1120,587,577,98.30%,10,0:00:10,128.0,116.0,0.9194,539.6878
1121,270,265,98.15%,5,0:00:07,164.0,116.0,0.9179,247.83300000000003
1122,307,297,96.74%,10,0:00:14,179.0,175.0,0.8223999999999999,252.47679999999997
1123,242,238,98.35%,4,0:00:06,162.0,115.0,0.9462999999999999,229.00459999999998
1124,194,182,93.81%,12,0:00:12,177.0,96.0,0.8115000000000001,157.431
1125,21,21,100.00%,0,0:00:12,187.0,94.0,0.9048,19.0008
1126,291,288,98.97%,3,0:00:07,166.0,84.0,0.9379000000000001,272.9289
1127,516,479,92.83%,37,0:00:26,160.0,211.0,0.638,329.208
1128,452,447,98.89%,5,0:00:06,124.0,232.0,0.9444,426.8688
1129,375,375,100.00%,0,0:00:05,133.0,65.0,0.9653,361.9875
1130,306,287,93.79%,19,0:00:19,135.0,290.0,0.7631999999999999,233.53919999999997
1131,241,235,97.51%,6,0:00:15,160.0,117.0,0.8033,193.5953
1132,34,34,100.00%,0,0:00:18,181.0,128.0,0.8529000000000001,28.998600000000003
1133,248,238,95.97%,10,0:00:19,163.0,273.0,0.7409,183.7432
1134,323,307,95.05%,16,0:00:13,162.0,208.0,0.8270000000000001,267.12100000000004
1135,260,257,98.85%,3,0:00:10,149.0,102.0,0.9112,236.912
1136,316,311,98.42%,5,0:00:10,161.0,174.0,0.8754000000000001,276.62640000000005
1137,60,59,98.33%,1,0:00:03,161.0,115.0,0.9833,58.998
1138,267,251,94.01%,16,0:00:19,147.0,464.0,0.7556,201.7452
1139,30,29,96.67%,1,0:00:08,120.0,46.0,0.9309999999999999,27.93
1140,247,238,96.36%,9,0:00:13,155.0,174.0,0.8332999999999999,205.8251
1141,376,365,97.07%,11,0:00:15,180.0,210.0,0.8177,307.4552
1142,316,306,96.84%,10,0:00:13,175.0,118.0,0.828,261.64799999999997
1143,310,304,98.06%,6,0:00:07,171.0,100.0,0.9216,285.69599999999997
1144,340,327,96.18%,13,0:00:23,175.0,154.0,0.7134,242.556
1145,306,289,94.44%,17,0:00:24,163.0,304.0,0.6973999999999999,213.40439999999998
1146,40,40,100.00%,0,0:00:05,166.0,51.0,0.975,39.0
1147,378,370,97.88%,8,0:00:11,172.0,156.0,0.867,327.726
1148,424,416,98.11%,8,0:00:14,174.0,221.0,0.8389,355.6936
1149,356,353,99.16%,3,0:00:05,168.0,64.0,0.9717,345.9252
1150,320,308,96.25%,12,0:00:10,153.0,204.0,0.8898999999999999,284.768
1151,351,341,97.15%,10,0:00:11,170.0,109.0,0.8625,302.7375
1152,85,83,97.65%,2,0:00:13,167.0,224.0,0.8588,72.998
1153,44,43,97.73%,1,0:00:09,153.0,232.0,0.8409,36.9996
1154,388,363,93.56%,25,0:00:19,186.0,174.0,0.752,291.776
1155,283,280,98.94%,3,0:00:06,185.0,109.0,0.9573,270.9159
1156,241,238,98.76%,3,0:00:05,175.0,196.0,0.9667,232.9747
1157,280,273,97.50%,7,0:00:09,166.0,218.0,0.8820999999999999,246.98799999999997
1158,294,273,92.86%,21,0:00:26,196.0,164.0,0.6177,181.6038
1159,290,246,84.83%,44,0:00:27,184.0,284.0,0.6386,185.194
1160,32,32,100.00%,0,0:00:06,163.0,70.0,0.9688,31.0016
1161,270,263,97.41%,7,0:00:12,172.0,120.0,0.8545,230.715
1162,212,208,98.11%,4,0:00:08,163.0,154.0,0.91,192.92000000000002
1163,246,238,96.75%,8,0:00:07,173.0,228.0,0.9184,225.9264
1164,194,190,97.94%,4,0:00:08,163.0,214.0,0.9278,179.9932
1165,179,176,98.32%,3,0:00:06,164.0,103.0,0.9605,171.9295
1166,67,65,97.01%,2,0:00:09,156.0,119.0,0.8955,59.9985
1167,27,27,100.00%,0,0:00:09,147.0,93.0,0.8889,24.0003
1168,190,183,96.32%,7,0:00:09,158.0,174.0,0.8783,166.87699999999998
1169,213,205,96.24%,8,0:00:10,158.0,302.0,0.8815000000000001,187.7595
1170,208,205,98.56%,3,0:00:04,156.0,173.0,0.9709,201.9472
1171,166,165,99.40%,1,0:00:08,161.0,211.0,0.9277,153.9982
1172,169,161,95.27%,8,0:00:18,172.0,217.0,0.7395999999999999,124.99239999999999
1173,175,167,95.43%,8,0:00:10,149.0,232.0,0.8629000000000001,151.00750000000002
1174,43,43,100.00%,0,0:00:04,162.0,29.0,1.0,43.0
1175,24,24,100.00%,0,0:00:03,166.0,3.0,1.0,24.0
1176,26,26,100.00%,0,0:00:05,172.0,58.0,0.9231,24.000600000000002
1177,42,41,97.62%,1,0:00:03,161.0,3.0,1.0,42.0
1178,37,36,97.30%,1,0:00:05,144.0,290.0,0.9459000000000001,34.9983
1179,60,60,100.00%,0,0:00:05,187.0,61.0,0.9667,58.002
1180,82,81,98.78%,1,0:00:03,144.0,58.0,0.9756,79.9992
1181,31,31,100.00%,0,0:00:06,140.0,61.0,0.9355,29.0005
1182,178,171,96.07%,7,0:00:16,163.0,126.0,0.7614,135.5292
1183,183,175,95.63%,8,0:00:13,147.0,278.0,0.8556,156.5748
1184,39,37,94.87%,2,0:00:03,173.0,58.0,0.9737,37.9743
1185,170,167,98.24%,3,0:00:12,144.0,170.0,0.8529000000000001,144.99300000000002
1186,180,168,93.33%,12,0:00:12,166.0,269.0,0.8315,149.67000000000002
1187,24,24,100.00%,0,0:00:04,156.0,21.0,1.0,24.0
1188,7,7,100.00%,0,0:00:33,159.0,93.0,0.4286,3.0002
1189,181,181,100.00%,0,0:00:12,167.0,89.0,0.8785,159.0085
1190,209,206,98.56%,3,0:00:05,162.0,58.0,0.9517,198.9053
1191,180,179,99.44%,1,0:00:04,148.0,62.0,0.9721,174.97799999999998
1192,221,203,91.86%,18,0:00:12,163.0,175.0,0.8732,192.97719999999998
1193,254,248,97.64%,6,0:00:10,168.0,187.0,0.9087000000000001,230.80980000000002
1194,627,577,92.03%,50,0:00:41,159.0,320.0,0.4781,299.7687
1195,167,159,95.21%,8,0:00:18,190.0,235.0,0.7605,127.00349999999999
1196,599,554,92.49%,45,0:00:25,155.0,290.0,0.6356,380.72440000000006
1197,304,300,98.68%,4,0:00:07,155.0,175.0,0.9240999999999999,280.9264
1198,267,260,97.38%,7,0:00:08,176.0,114.0,0.9091,242.7297
1199,286,281,98.25%,5,0:00:11,160.0,174.0,0.8697,248.73420000000002
1200,196,192,97.96%,4,0:00:13,163.0,126.0,0.8564,167.8544
1201,191,189,98.95%,2,0:00:11,180.0,154.0,0.8842,168.88219999999998
1202,60,60,100.00%,0,0:00:06,118.0,59.0,0.9667,58.002
1203,215,207,96.28%,8,0:00:10,160.0,104.0,0.9043000000000001,194.42450000000002
1204,221,213,96.38%,8,0:00:08,155.0,107.0,0.9045000000000001,199.89450000000002
1205,201,193,96.02%,8,0:00:03,166.0,58.0,0.9845,197.8845
1206,205,202,98.54%,3,0:00:05,168.0,69.0,0.9606,196.923
1207,201,194,96.52%,7,0:00:14,164.0,149.0,0.8426,169.36260000000001
1208,140,132,94.29%,8,0:00:07,111.0,116.0,0.9248000000000001,129.472
1209,29,28,96.55%,1,0:00:13,189.0,107.0,0.8276,24.0004
1210,398,372,93.47%,26,0:00:21,171.0,253.0,0.7252,288.6296
1211,255,249,97.65%,6,0:00:15,181.0,129.0,0.8332999999999999,212.49149999999997
1212,283,278,98.23%,5,0:00:17,158.0,119.0,0.7957,225.1831
1213,230,222,96.52%,8,0:00:21,166.0,165.0,0.7225,166.175
1214,185,183,98.92%,2,0:00:10,195.0,80.0,0.8973,166.0005
1215,197,194,98.48%,3,0:00:13,169.0,121.0,0.8265,162.8205
1216,15,14,93.33%,1,0:00:12,194.0,108.0,0.8667,13.0005
1217,230,228,99.13%,2,0:00:07,167.0,61.0,0.9389,215.947
1218,232,224,96.55%,8,0:00:12,171.0,94.0,0.8645999999999999,200.5872
1219,237,231,97.47%,6,0:00:11,181.0,119.0,0.8771,207.8727
1220,42,39,92.86%,3,0:00:17,171.0,100.0,0.7857,32.9994
1221,215,211,98.14%,4,0:00:06,186.0,174.0,0.9481,203.84150000000002
1222,153,152,99.35%,1,0:00:04,155.0,55.0,0.9869,150.9957
1223,39,39,100.00%,0,0:00:14,222.0,97.0,0.8462000000000001,33.0018
1224,334,322,96.41%,12,0:00:17,176.0,138.0,0.7713,257.6142
1225,236,225,95.34%,11,0:00:13,173.0,116.0,0.8509,200.8124
1226,186,182,97.85%,4,0:00:08,158.0,130.0,0.9511,176.9046
1227,202,197,97.52%,5,0:00:13,153.0,116.0,0.87,175.74
1228,185,182,98.38%,3,0:00:08,169.0,153.0,0.9027,166.99949999999998
1229,38,38,100.00%,0,0:00:04,206.0,57.0,0.9737,37.0006
1230,25,24,96.00%,1,0:00:03,164.0,46.0,0.96,24.0
1231,203,195,96.06%,8,0:00:08,158.0,514.0,0.8856,179.7768
1232,296,292,98.65%,4,0:00:04,160.0,58.0,0.9863,291.9448
1233,233,223,95.71%,10,0:00:09,167.0,106.0,0.8783,204.6439
1234,198,194,97.98%,4,0:00:08,162.0,103.0,0.9179,181.7442
1235,181,179,98.90%,2,0:00:04,159.0,48.0,0.9944,179.9864
1236,166,162,97.59%,4,0:00:06,159.0,61.0,0.9387000000000001,155.82420000000002
1237,19,19,100.00%,0,0:00:03,147.0,3.0,1.0,19.0
1238,196,181,92.35%,15,0:00:14,157.0,156.0,0.7813,153.1348
1239,176,172,97.73%,4,0:00:16,150.0,176.0,0.7943000000000001,139.79680000000002
1240,221,209,94.57%,12,0:00:12,162.0,170.0,0.8387,185.3527
1241,196,191,97.45%,5,0:00:14,171.0,354.0,0.8601000000000001,168.57960000000003
1242,211,202,95.73%,9,0:00:15,166.0,174.0,0.7933,167.3863
1243,201,194,96.52%,7,0:00:16,169.0,208.0,0.8140999999999999,163.6341
1244,23,22,95.65%,1,0:00:10,182.0,62.0,0.8261,19.0003
1245,225,210,93.33%,15,0:00:10,157.0,217.0,0.8591,193.29749999999999
1246,202,195,96.53%,7,0:00:11,167.0,112.0,0.868,175.336
1247,191,184,96.34%,7,0:00:07,170.0,116.0,0.9255,176.7705
1248,212,209,98.58%,3,0:00:10,171.0,105.0,0.8909999999999999,188.89199999999997
1249,210,203,96.67%,7,0:00:12,202.0,232.0,0.8523999999999999,179.004
1250,167,159,95.21%,8,0:00:16,196.0,162.0,0.8303,138.6601
1251,12,11,91.67%,1,0:00:03,132.0,58.0,0.9167000000000001,11.0004
